Timestamp,Humidity (%),Temperature (Â°C)
2024-08-09 02:20:18,52.9,22.9
2024-08-09 02:20:20,52.7,22.9
2024-08-09 02:20:22,52.8,22.9
2024-08-09 02:20:24,52.8,23.0
2024-08-09 02:20:26,52.6,23.0
2024-08-09 02:20:29,52.8,23.0
2024-08-09 02:20:31,52.8,23.0
2024-08-09 02:20:33,52.7,23.0
2024-08-09 02:20:35,52.8,23.0
2024-08-09 02:20:37,52.7,23.0
2024-08-09 02:20:39,52.8,23.0
2024-08-09 02:20:42,52.7,23.0
2024-08-09 02:20:44,52.6,23.0
2024-08-09 02:20:46,52.6,23.0
2024-08-09 02:20:48,52.7,23.0
2024-08-09 02:20:51,52.6,23.0
2024-08-09 02:20:53,52.6,23.0
2024-08-09 02:20:55,52.6,23.0
2024-08-09 02:20:57,52.6,23.0
2024-08-09 02:21:00,52.7,23.0
2024-08-09 02:21:01,52.6,23.0
2024-08-09 02:21:04,52.7,23.0
2024-08-09 02:21:06,52.7,23.0
2024-08-09 02:21:08,52.5,23.0
2024-08-09 02:21:10,52.7,23.0
2024-08-09 02:21:13,52.6,23.0
2024-08-09 02:21:14,52.6,23.0
2024-08-09 02:21:17,52.9,23.0
2024-08-09 02:21:19,52.6,23.0
2024-08-09 02:21:21,52.6,23.0
2024-08-09 02:21:23,52.7,23.0
2024-08-09 02:21:26,52.6,23.0
2024-08-09 02:21:28,52.7,23.0
2024-08-09 02:21:30,52.7,23.0
2024-08-09 02:21:32,52.7,23.0
2024-08-09 02:21:34,52.8,23.0
2024-08-09 02:21:36,52.7,23.0
2024-08-09 02:21:39,52.6,23.0
2024-08-09 02:21:41,52.5,23.0
2024-08-09 02:21:43,52.5,23.0
2024-08-09 02:21:45,52.6,23.0
2024-08-09 02:21:48,52.6,23.0
2024-08-09 02:21:49,52.4,23.0
2024-08-09 02:21:52,52.5,23.0
2024-08-09 02:21:54,52.5,23.0
2024-08-09 02:21:56,52.6,23.0
2024-08-09 02:21:58,52.6,23.0
2024-08-09 02:22:00,52.5,23.0
2024-08-09 02:22:02,52.5,23.0
2024-08-09 02:22:05,52.5,22.9
2024-08-09 02:22:07,52.6,23.0
2024-08-09 02:22:09,52.3,23.0
2024-08-09 02:22:11,52.5,23.0
2024-08-09 02:22:14,52.5,23.0
2024-08-09 02:22:16,52.5,23.0
2024-08-09 02:22:18,52.4,23.0
2024-08-09 02:22:20,52.5,23.0
2024-08-09 02:22:22,52.4,23.0
2024-08-09 02:22:24,52.5,23.0
2024-08-09 02:22:27,52.5,23.0
2024-08-09 02:22:29,52.6,23.0
2024-08-09 02:22:31,52.4,22.9
2024-08-09 02:22:33,52.5,23.0
2024-08-09 02:22:36,52.6,23.0
2024-08-09 02:22:38,52.5,23.0
2024-08-09 02:22:40,52.6,23.0
2024-08-09 02:22:42,52.4,22.9
2024-08-09 02:22:44,52.5,22.9
2024-08-09 02:22:46,52.5,23.0
2024-08-09 02:22:49,52.4,22.9
2024-08-09 02:22:50,52.3,22.9
2024-08-09 02:22:53,52.5,23.0
2024-08-09 02:22:55,52.4,23.0
2024-08-09 02:22:57,52.5,22.9
2024-08-09 02:22:59,52.5,23.0
2024-08-09 02:23:02,52.5,22.9
2024-08-09 02:23:03,52.4,22.9
2024-08-09 02:23:06,52.5,23.0
2024-08-09 02:23:08,52.5,22.9
2024-08-09 02:23:10,52.5,22.9
2024-08-09 02:23:12,52.5,22.9
2024-08-09 02:23:15,52.6,22.9
2024-08-09 02:23:16,52.6,22.9
2024-08-09 02:23:19,52.4,22.9
2024-08-09 02:23:21,52.5,22.9
2024-08-09 02:23:23,52.5,22.9
2024-08-09 02:23:25,52.7,22.9
2024-08-09 02:23:27,52.5,22.9
2024-08-09 02:23:29,52.5,22.9
2024-08-09 02:23:32,52.5,22.9
2024-08-09 02:23:34,52.5,22.9
2024-08-09 02:23:36,52.5,22.9
2024-08-09 02:23:38,52.5,22.9
2024-08-09 02:23:41,52.5,22.9
2024-08-09 02:23:43,52.6,22.9
2024-08-09 02:23:45,52.5,22.9
2024-08-09 02:23:47,52.6,22.9
2024-08-09 02:23:49,52.5,22.9
2024-08-09 02:23:51,52.5,22.9
2024-08-09 02:23:54,52.5,22.9
2024-08-09 02:23:56,52.5,22.9
2024-08-09 02:23:58,52.6,22.9
2024-08-09 02:24:00,52.6,22.9
2024-08-09 02:24:02,52.5,22.9
2024-08-09 02:24:04,52.5,22.9
2024-08-09 02:24:07,52.5,22.9
2024-08-09 02:24:09,52.7,22.9
2024-08-09 02:24:11,52.7,22.9
2024-08-09 02:24:13,52.7,22.9
2024-08-09 02:24:16,52.6,22.9
2024-08-09 02:24:18,52.5,22.9
2024-08-09 02:24:20,52.6,22.9
2024-08-09 02:24:22,52.6,22.9
2024-08-09 02:24:24,52.5,22.9
2024-08-09 02:24:26,52.5,22.9
2024-08-09 02:24:29,52.6,22.9
2024-08-09 02:24:30,52.6,22.9
2024-08-09 02:24:33,52.5,22.9
2024-08-09 02:24:35,52.6,22.9
2024-08-09 02:24:37,52.5,22.9
2024-08-09 02:24:39,52.5,22.9
2024-08-09 02:24:41,52.5,22.9
2024-08-09 02:24:43,52.5,22.9
2024-08-09 02:24:46,52.6,22.9
2024-08-09 02:24:48,52.6,22.9
2024-08-09 02:24:50,52.5,22.9
2024-08-09 02:24:52,52.6,22.9
2024-08-09 02:24:55,52.8,22.9
2024-08-09 02:24:59,52.8,22.9
2024-08-09 02:25:01,52.9,22.9
2024-08-09 02:25:04,53.0,22.9
2024-08-09 02:25:05,53.1,22.8
2024-08-09 02:25:08,53.0,22.9
2024-08-09 02:25:10,53.0,22.9
2024-08-09 02:25:14,53.1,22.9
2024-08-09 02:25:16,53.2,22.9
2024-08-09 02:25:19,53.2,22.9
2024-08-09 02:25:21,53.0,22.9
2024-08-09 02:25:25,56.4,23.2
2024-08-09 02:25:27,70.4,23.2
2024-08-09 02:25:30,76.7,23.1
2024-08-09 02:25:32,78.1,23.0
2024-08-09 02:25:34,75.6,23.1
2024-08-09 02:25:36,70.9,23.1
2024-08-09 02:25:38,66.6,23.0
2024-08-09 02:25:40,62.2,23.0
2024-08-09 02:25:43,61.0,23.0
2024-08-09 02:25:45,58.1,23.0
2024-08-09 02:25:47,56.7,23.0
2024-08-09 02:25:49,55.7,23.0
2024-08-09 02:25:51,55.1,23.0
2024-08-09 02:25:53,54.4,23.0
2024-08-09 02:25:58,53.8,23.0
2024-08-09 02:26:00,53.7,22.9
2024-08-09 02:26:02,53.6,23.0
2024-08-09 02:26:04,53.5,22.9
2024-08-09 02:26:07,53.6,22.9
2024-08-09 02:26:09,53.5,22.9
2024-08-09 02:26:11,53.5,22.9
2024-08-09 02:26:13,53.5,22.9
2024-08-09 02:26:15,53.3,22.9
2024-08-09 02:26:17,53.2,22.9
2024-08-09 02:26:20,53.2,22.9
2024-08-09 02:26:22,53.4,22.9
2024-08-09 02:26:24,53.4,22.9
2024-08-09 02:26:26,53.7,22.9
2024-08-09 02:26:28,53.7,22.9
2024-08-09 02:26:30,53.6,22.9
2024-08-09 02:26:33,53.4,22.9
2024-08-09 02:26:35,53.3,22.9
2024-08-09 02:26:37,53.2,22.9
2024-08-09 02:26:39,53.3,22.9
2024-08-09 02:26:42,53.1,22.9
2024-08-09 02:26:43,53.0,22.9
2024-08-09 02:26:46,53.0,22.9
2024-08-09 02:26:48,53.0,22.9
2024-08-09 02:26:50,52.9,22.9
2024-08-09 02:26:52,52.8,22.9
2024-08-09 02:26:55,53.0,22.9
2024-08-09 02:26:56,52.9,22.9
2024-08-09 02:26:59,53.1,22.9
2024-08-09 02:27:01,53.1,22.9
2024-08-09 02:27:03,53.2,22.9
2024-08-09 02:27:05,53.1,22.9
2024-08-09 02:27:08,53.0,22.9
2024-08-09 02:27:10,52.9,22.9
2024-08-09 02:27:12,53.1,22.9
2024-08-09 02:27:14,52.9,22.9
2024-08-09 02:27:17,53.0,22.9
2024-08-09 02:27:19,52.9,22.9
2024-08-09 02:27:21,53.0,22.9
2024-08-09 02:27:23,52.9,22.8
2024-08-09 02:27:25,53.1,22.9
2024-08-09 02:27:27,53.0,22.9
2024-08-09 02:27:30,53.0,22.8
2024-08-09 02:27:32,52.9,22.8
2024-08-09 02:27:34,53.1,22.8
2024-08-09 02:27:36,53.0,22.8
2024-08-09 02:27:38,53.0,22.9
2024-08-09 02:27:40,52.8,22.9
2024-08-09 02:27:43,53.0,22.8
2024-08-09 02:27:45,52.8,22.8
2024-08-09 02:27:47,52.9,22.8
2024-08-09 02:27:49,52.8,22.9
2024-08-09 02:27:51,53.1,22.8
2024-08-09 02:27:53,53.1,22.9
2024-08-09 02:27:56,53.1,22.8
2024-08-09 02:27:58,53.0,22.8
2024-08-09 02:28:00,52.9,22.8
2024-08-09 02:28:02,53.1,22.8
2024-08-09 02:28:05,53.1,22.8
2024-08-09 02:28:06,53.1,22.8
2024-08-09 02:28:09,53.1,22.8
2024-08-09 02:28:11,53.3,22.8
2024-08-09 02:28:13,53.2,22.8
2024-08-09 02:28:15,53.3,22.8
2024-08-09 02:28:18,53.2,22.8
2024-08-09 02:28:20,53.3,22.8
2024-08-09 02:28:22,53.3,22.8
2024-08-09 02:28:24,53.2,22.9
2024-08-09 02:28:27,53.2,22.9
2024-08-09 02:28:29,65.7,22.9
2024-08-09 02:28:32,67.8,22.9
2024-08-09 02:28:33,65.7,22.9
2024-08-09 02:28:36,63.2,22.9
2024-08-09 02:28:38,60.6,22.9
2024-08-09 02:28:40,58.9,22.9
2024-08-09 02:28:42,65.4,23.0
2024-08-09 02:28:49,61.4,23.0
2024-08-09 02:28:51,59.6,23.0
2024-08-09 02:28:53,58.6,23.0
2024-08-09 02:28:55,57.4,23.0
2024-08-09 02:28:58,56.6,23.0
2024-08-09 02:29:00,55.8,23.0
2024-08-09 02:29:02,55.3,23.1
2024-08-09 02:29:04,54.9,23.0
2024-08-09 02:29:07,54.6,23.0
2024-08-09 02:29:08,54.2,23.1
2024-08-09 02:29:11,54.0,23.0
2024-08-09 02:29:34,53.2,22.9
2024-08-09 02:29:36,53.3,23.0
2024-08-09 02:29:38,53.2,23.0
2024-08-09 02:29:42,53.3,23.0
2024-08-09 02:29:44,53.3,23.0
2024-08-09 02:29:47,53.5,23.0
2024-08-09 02:29:49,53.3,22.9
2024-08-09 02:29:51,53.3,22.9
2024-08-09 02:29:53,53.2,23.0
2024-08-09 02:29:56,53.2,23.0
2024-08-09 02:29:57,53.1,23.0
2024-08-09 02:30:00,53.0,22.9
2024-08-09 02:30:02,54.2,22.9
2024-08-09 02:30:04,56.4,22.9
2024-08-09 02:30:06,54.6,22.9
2024-08-09 02:30:08,52.3,23.0
2024-08-09 02:30:10,55.1,22.9
2024-08-09 02:30:12,56.7,22.8
2024-08-09 02:30:14,58.1,22.9
2024-08-09 02:30:16,55.9,23.0
2024-08-09 02:30:18,52.3,22.8
2024-08-09 02:30:20,52.3,22.9
2024-08-09 02:30:22,57.1,22.9
2024-08-09 02:30:24,52.8,23.0
2024-08-09 02:30:26,52.3,22.8
2024-08-09 02:30:28,52.3,23.0
2024-08-09 02:30:30,52.5,22.9
2024-08-09 02:30:32,54.5,23.0
2024-08-09 02:30:34,52.3,23.0
2024-08-09 02:30:36,52.3,22.9
2024-08-09 02:30:38,52.3,23.0
2024-08-09 02:30:40,52.3,22.9
2024-08-09 02:30:42,61.5,22.9
2024-08-09 02:30:44,52.3,22.9
2024-08-09 02:30:46,65.0,22.9
2024-08-09 02:30:48,61.3,23.0
2024-08-09 02:30:50,54.6,23.0
2024-08-09 02:30:52,59.4,23.0
2024-08-09 02:30:54,56.2,23.0
2024-08-09 02:30:56,52.4,23.0
2024-08-09 02:30:58,57.1,22.8
2024-08-09 02:31:00,52.3,22.8
2024-08-09 02:31:02,54.1,22.9
2024-08-09 02:31:04,55.4,23.0
2024-08-09 02:31:06,52.3,22.9
2024-08-09 02:31:08,57.0,22.9
2024-08-09 02:31:10,60.4,23.0
2024-08-09 02:31:12,52.3,23.0
2024-08-09 02:31:14,60.8,22.8
2024-08-09 02:31:16,62.9,22.8
2024-08-09 02:31:18,60.3,23.0
2024-08-09 02:31:20,58.2,22.8
2024-08-09 02:31:22,58.3,23.0
2024-08-09 02:31:24,52.3,22.9
2024-08-09 02:31:26,52.3,22.8
2024-08-09 02:31:28,56.8,23.0
2024-08-09 02:31:30,55.4,23.0
2024-08-09 02:31:32,52.3,22.8
2024-08-09 02:31:34,60.5,22.9
2024-08-09 02:31:36,52.3,22.9
2024-08-09 02:31:38,55.4,23.1
2024-08-09 02:31:40,53.9,23.0
2024-08-09 02:31:42,52.3,22.9
2024-08-09 02:31:44,52.3,22.9
2024-08-09 02:31:46,60.2,22.9
2024-08-09 02:31:48,53.6,22.8
2024-08-09 02:31:50,52.3,22.9
2024-08-09 02:31:52,52.3,22.9
2024-08-09 02:31:54,52.3,22.9
2024-08-09 02:31:56,52.3,22.8
2024-08-09 02:31:58,61.6,22.9
2024-08-09 02:32:00,56.8,22.9
2024-08-09 02:32:02,52.3,23.0
2024-08-09 02:32:04,58.2,23.0
2024-08-09 02:32:06,53.2,23.0
2024-08-09 02:32:08,62.1,23.0
2024-08-09 02:32:10,57.2,22.9
2024-08-09 02:32:12,54.3,22.9
2024-08-09 02:32:14,52.3,22.9
2024-08-09 02:32:16,52.3,22.9
2024-08-09 02:32:18,52.3,22.9
2024-08-09 02:32:20,52.6,22.9
2024-08-09 02:32:22,55.3,22.8
2024-08-09 02:32:24,52.3,22.9
2024-08-09 02:32:26,52.8,23.0
2024-08-09 02:32:28,57.4,22.9
2024-08-09 02:32:30,56.7,23.0
2024-08-09 02:32:32,55.0,22.9
2024-08-09 02:32:34,56.7,22.9
2024-08-09 02:32:36,53.1,22.9
2024-08-09 02:32:38,54.5,22.9
2024-08-09 02:32:40,52.3,23.0
2024-08-09 02:32:42,52.3,23.0
2024-08-09 02:32:44,58.2,22.9
2024-08-09 02:32:46,55.5,22.8
2024-08-09 02:32:48,57.9,22.8
2024-08-09 02:32:50,52.3,22.9
2024-08-09 02:32:52,53.4,23.1
2024-08-09 02:32:54,52.3,22.9
2024-08-09 02:32:56,60.1,22.9
2024-08-09 02:32:58,53.3,22.9
2024-08-09 02:33:00,53.2,23.0
2024-08-09 02:33:02,52.3,22.9
2024-08-09 02:33:04,52.3,22.9
2024-08-09 02:33:06,52.3,23.0
2024-08-09 02:33:08,52.7,22.9
2024-08-09 02:33:10,54.0,22.8
2024-08-09 02:33:12,54.8,22.9
2024-08-09 02:33:14,60.0,22.8
2024-08-09 02:33:16,53.8,22.8
2024-08-09 02:33:18,53.3,22.9
2024-08-09 02:33:20,53.7,23.0
2024-08-09 02:33:22,56.8,23.1
2024-08-09 02:33:24,54.4,23.0
2024-08-09 02:33:26,52.3,22.9
2024-08-09 02:33:28,52.3,22.9
2024-08-09 02:33:30,52.3,23.0
2024-08-09 02:33:32,62.1,23.0
2024-08-09 02:33:34,58.6,22.8
2024-08-09 02:33:36,57.0,22.8
2024-08-09 02:33:38,52.3,22.9
2024-08-09 02:33:40,52.3,22.9
2024-08-09 02:33:42,56.3,23.0
2024-08-09 02:33:44,55.6,22.8
2024-08-09 02:33:46,52.7,23.1
2024-08-09 02:33:48,53.7,22.9
2024-08-09 02:33:50,55.6,23.0
2024-08-09 02:33:52,53.8,22.9
2024-08-09 02:33:54,52.7,22.9
2024-08-09 02:33:56,59.7,23.0
2024-08-09 02:33:58,58.3,23.0
2024-08-09 02:34:00,52.3,22.9
2024-08-09 02:34:02,56.5,23.0
2024-08-09 02:34:04,53.9,23.0
2024-08-09 02:34:06,54.7,22.9
2024-08-09 02:34:08,52.3,23.0
2024-08-09 02:34:10,52.5,22.9
2024-08-09 02:34:12,55.6,23.0
2024-08-09 02:34:14,54.4,22.9
2024-08-09 02:34:16,52.3,22.9
2024-08-09 02:34:18,52.3,22.9
2024-08-09 02:34:20,58.0,23.0
2024-08-09 02:34:22,57.6,23.0
2024-08-09 02:34:24,56.1,23.1
2024-08-09 02:34:26,52.3,23.0
2024-08-09 02:34:28,57.1,22.8
2024-08-09 02:34:30,53.3,22.9
2024-08-09 02:34:32,52.3,22.9
2024-08-09 02:34:34,59.2,22.9
2024-08-09 02:34:36,52.3,23.0
2024-08-09 02:34:38,53.0,22.9
2024-08-09 02:34:40,58.8,23.0
2024-08-09 02:34:42,53.1,22.9
2024-08-09 02:34:44,52.5,22.8
2024-08-09 02:34:46,54.4,22.9
2024-08-09 02:34:48,59.8,22.9
2024-08-09 02:34:50,56.2,22.9
2024-08-09 02:34:52,52.3,23.0
2024-08-09 02:34:54,57.1,23.0
2024-08-09 02:34:56,54.9,22.8
2024-08-09 02:34:58,59.6,23.0
2024-08-09 02:35:00,52.7,23.0
2024-08-09 02:35:02,53.0,23.0
2024-08-09 02:35:04,54.3,22.9
2024-08-09 02:35:06,58.4,22.9
2024-08-09 02:35:08,53.2,23.0
2024-08-09 02:35:10,55.8,22.8
2024-08-09 02:35:12,53.0,23.0
2024-08-09 02:35:14,53.6,23.0
2024-08-09 02:35:16,52.3,23.0
2024-08-09 02:35:18,52.3,22.8
2024-08-09 02:35:20,56.0,22.8
2024-08-09 02:35:22,53.0,22.9
2024-08-09 02:35:24,53.4,22.9
2024-08-09 02:35:26,54.2,23.0
2024-08-09 02:35:28,58.4,22.9
2024-08-09 02:35:30,54.9,23.0
2024-08-09 02:35:32,56.4,22.9
2024-08-09 02:35:34,55.9,23.0
2024-08-09 02:35:36,52.3,23.0
2024-08-09 02:35:38,52.3,23.0
2024-08-09 02:35:40,52.3,22.8
2024-08-09 02:35:42,52.3,22.9
2024-08-09 02:35:44,52.4,23.0
2024-08-09 02:35:46,52.3,22.9
2024-08-09 02:35:48,58.7,22.9
2024-08-09 02:35:50,54.9,22.8
2024-08-09 02:35:52,56.8,23.0
2024-08-09 02:35:54,52.9,22.9
2024-08-09 02:35:56,56.5,23.0
2024-08-09 02:35:58,52.3,22.9
2024-08-09 02:36:00,55.0,23.0
2024-08-09 02:36:02,64.4,23.0
2024-08-09 02:36:04,54.6,22.8
2024-08-09 02:36:06,56.8,22.9
2024-08-09 02:36:08,52.3,22.9
2024-08-09 02:36:10,63.7,22.9
2024-08-09 02:36:12,59.8,23.0
2024-08-09 02:36:14,56.4,22.9
2024-08-09 02:36:16,52.4,22.9
2024-08-09 02:36:18,55.6,22.9
2024-08-09 02:36:20,55.4,23.0
2024-08-09 02:36:22,54.5,22.9
2024-08-09 02:36:24,52.3,23.0
2024-08-09 02:36:26,52.3,22.9
2024-08-09 02:36:28,52.3,22.9
2024-08-09 02:36:30,52.3,22.9
2024-08-09 02:36:32,55.0,22.9
2024-08-09 02:36:34,52.3,23.0
2024-08-09 02:36:36,62.1,23.0
2024-08-09 02:36:38,53.4,23.0
2024-08-09 02:36:40,61.7,22.9
2024-08-09 02:36:42,55.6,23.1
2024-08-09 02:36:44,53.3,23.0
2024-08-09 02:36:46,58.0,23.1
2024-08-09 02:36:48,52.3,22.9
2024-08-09 02:36:50,52.9,22.9
2024-08-09 02:36:52,63.2,23.0
2024-08-09 02:36:54,52.3,22.9
2024-08-09 02:36:56,54.8,23.0
2024-08-09 02:36:58,52.3,22.9
2024-08-09 02:37:00,55.7,22.9
2024-08-09 02:37:02,52.3,22.9
2024-08-09 02:37:04,56.2,23.0
2024-08-09 02:37:06,52.3,22.9
2024-08-09 02:37:08,55.2,22.9
2024-08-09 02:37:10,52.3,22.9
2024-08-09 02:37:12,52.3,23.0
2024-08-09 02:37:14,54.3,22.9
2024-08-09 02:37:16,63.1,23.0
2024-08-09 02:37:18,58.3,22.9
2024-08-09 02:37:20,52.3,23.0
2024-08-09 02:37:22,65.4,23.0
2024-08-09 02:37:24,52.3,22.9
2024-08-09 02:37:26,52.3,23.1
2024-08-09 02:37:28,64.0,23.0
2024-08-09 02:37:30,52.3,23.0
2024-08-09 02:37:32,52.3,23.0
2024-08-09 02:37:34,55.2,22.9
2024-08-09 02:37:36,52.3,22.8
2024-08-09 02:37:38,52.3,22.9
2024-08-09 02:37:40,52.3,22.8
2024-08-09 02:37:42,52.3,22.8
2024-08-09 02:37:44,57.8,23.0
2024-08-09 02:37:46,61.5,22.9
2024-08-09 02:37:48,52.3,22.8
2024-08-09 02:37:50,52.3,22.9
2024-08-09 02:37:52,53.3,22.8
2024-08-09 02:37:54,58.6,23.0
2024-08-09 02:37:56,62.7,22.9
2024-08-09 02:37:58,53.6,22.9
2024-08-09 02:38:00,54.3,23.0
2024-08-09 02:38:02,52.3,22.8
2024-08-09 02:38:04,58.5,22.8
2024-08-09 02:38:06,56.9,23.0
2024-08-09 02:38:08,56.4,22.9
2024-08-09 02:38:10,52.3,23.0
2024-08-09 02:38:12,52.3,22.8
2024-08-09 02:38:14,53.1,22.9
2024-08-09 02:38:16,54.0,22.9
2024-08-09 02:38:18,52.3,23.0
2024-08-09 02:38:20,52.6,22.8
2024-08-09 02:38:22,52.5,23.0
2024-08-09 02:38:24,52.3,23.0
2024-08-09 02:38:26,64.5,22.9
2024-08-09 02:38:28,52.8,22.8
2024-08-09 02:38:30,58.8,22.9
2024-08-09 02:38:32,62.2,23.0
2024-08-09 02:38:34,52.3,23.0
2024-08-09 02:38:36,54.9,23.1
2024-08-09 02:38:38,55.6,22.9
2024-08-09 02:38:40,52.3,22.8
2024-08-09 02:38:42,53.6,22.9
2024-08-09 02:38:44,52.3,22.8
2024-08-09 02:38:46,52.3,23.0
2024-08-09 02:38:48,57.1,23.1
2024-08-09 02:38:50,58.8,23.0
2024-08-09 02:38:52,52.3,22.8
2024-08-09 02:38:54,52.3,22.8
2024-08-09 02:38:56,53.2,22.9
2024-08-09 02:38:58,55.4,22.8
2024-08-09 02:39:00,52.3,22.9
2024-08-09 02:39:02,54.2,22.8
2024-08-09 02:39:04,52.3,22.8
2024-08-09 02:39:06,56.1,23.0
2024-08-09 02:39:08,53.1,22.9
2024-08-09 02:39:10,52.3,23.0
2024-08-09 02:39:12,52.3,22.9
2024-08-09 02:39:14,54.7,23.0
2024-08-09 02:39:16,52.3,22.9
2024-08-09 02:39:18,52.3,22.9
2024-08-09 02:39:20,52.3,22.9
2024-08-09 02:39:22,55.1,22.9
2024-08-09 02:39:24,52.3,23.0
2024-08-09 02:39:26,56.3,22.9
2024-08-09 02:39:28,54.6,23.0
2024-08-09 02:39:30,56.0,23.1
2024-08-09 02:39:32,52.3,23.0
2024-08-09 02:39:34,53.7,22.9
2024-08-09 02:39:36,52.3,23.0
2024-08-09 02:39:38,52.8,22.9
2024-08-09 02:39:40,52.3,22.9
2024-08-09 02:39:42,57.2,22.9
2024-08-09 02:39:44,52.3,22.9
2024-08-09 02:39:46,53.4,23.0
2024-08-09 02:39:48,53.1,23.0
2024-08-09 02:39:50,53.6,22.9
2024-08-09 02:39:52,54.9,23.0
2024-08-09 02:39:54,53.5,22.9
2024-08-09 02:39:56,52.3,23.0
2024-08-09 02:39:58,54.6,23.0
2024-08-09 02:40:00,52.3,23.0
2024-08-09 02:40:02,52.3,23.0
2024-08-09 02:40:04,53.0,23.1
2024-08-09 02:40:06,52.3,23.0
2024-08-09 02:40:08,59.3,23.0
2024-08-09 02:40:10,52.3,23.0
2024-08-09 02:40:12,52.3,22.9
2024-08-09 02:40:14,52.3,22.9
2024-08-09 02:40:16,52.3,23.0
2024-08-09 02:40:18,55.6,23.0
2024-08-09 02:40:20,52.3,22.9
2024-08-09 02:40:22,52.3,23.0
2024-08-09 02:40:24,53.2,23.0
2024-08-09 02:40:26,55.8,23.0
2024-08-09 02:40:28,52.3,22.9
2024-08-09 02:40:30,59.3,23.0
2024-08-09 02:40:32,52.3,22.9
2024-08-09 02:40:34,56.6,22.9
2024-08-09 02:40:36,54.4,23.1
2024-08-09 02:40:38,56.5,23.0
2024-08-09 02:40:40,59.5,23.1
2024-08-09 02:40:42,52.3,22.9
2024-08-09 02:40:44,52.3,22.9
2024-08-09 02:40:46,52.3,22.9
2024-08-09 02:40:48,52.3,22.9
2024-08-09 02:40:50,53.4,22.9
2024-08-09 02:40:52,56.2,22.9
2024-08-09 02:40:54,52.3,23.0
2024-08-09 02:40:56,52.3,22.9
2024-08-09 02:40:58,52.3,22.9
2024-08-09 02:41:00,52.3,22.9
2024-08-09 02:41:02,53.9,22.9
2024-08-09 02:41:04,60.3,23.0
2024-08-09 02:41:06,54.7,23.0
2024-08-09 02:41:08,57.6,23.0
2024-08-09 02:41:10,55.0,22.9
2024-08-09 02:41:12,52.3,22.9
2024-08-09 02:41:14,58.2,22.8
2024-08-09 02:41:16,52.3,23.0
2024-08-09 02:41:18,52.7,23.0
2024-08-09 02:41:20,58.2,23.0
2024-08-09 02:41:22,60.9,23.0
2024-08-09 02:41:24,55.9,22.8
2024-08-09 02:41:26,52.3,22.9
2024-08-09 02:41:28,54.6,23.0
2024-08-09 02:41:30,53.4,23.1
2024-08-09 02:41:32,57.6,22.9
2024-08-09 02:41:34,57.0,22.9
2024-08-09 02:41:36,53.5,22.9
2024-08-09 02:41:38,61.5,23.1
2024-08-09 02:41:40,55.3,22.9
2024-08-09 02:41:42,53.2,22.9
2024-08-09 02:41:44,56.8,23.0
2024-08-09 02:41:46,55.8,22.9
2024-08-09 02:41:48,53.4,23.0
2024-08-09 02:41:50,60.6,22.9
2024-08-09 02:41:52,60.9,23.0
2024-08-09 02:41:54,57.1,23.1
2024-08-09 02:41:56,57.4,23.1
2024-08-09 02:41:58,55.1,22.8
2024-08-09 02:42:00,53.2,22.9
2024-08-09 02:42:02,52.3,23.0
2024-08-09 02:42:04,54.9,23.1
2024-08-09 02:42:06,52.3,23.0
2024-08-09 02:42:08,52.3,22.8
2024-08-09 02:42:10,53.5,23.0
2024-08-09 02:42:12,52.3,22.9
2024-08-09 02:42:14,52.8,22.8
2024-08-09 02:42:16,57.8,23.0
2024-08-09 02:42:18,56.2,22.9
2024-08-09 02:42:20,62.3,22.9
2024-08-09 02:42:22,52.3,22.9
2024-08-09 02:42:24,60.6,22.8
2024-08-09 02:42:26,56.8,22.9
2024-08-09 02:42:28,52.3,23.0
2024-08-09 02:42:30,52.3,23.0
2024-08-09 02:42:32,53.4,23.0
2024-08-09 02:42:34,57.3,22.9
2024-08-09 02:42:36,55.5,22.9
2024-08-09 02:42:38,55.4,23.1
2024-08-09 02:42:40,52.9,23.0
2024-08-09 02:42:42,60.1,23.0
2024-08-09 02:42:44,56.5,22.9
2024-08-09 02:42:46,54.2,22.9
2024-08-09 02:42:48,52.3,22.8
2024-08-09 02:42:50,53.0,22.9
2024-08-09 02:42:52,52.3,22.9
2024-08-09 02:42:54,52.3,22.9
2024-08-09 02:42:56,56.3,23.0
2024-08-09 02:42:58,52.3,22.9
2024-08-09 02:43:00,54.7,22.9
2024-08-09 02:43:02,55.4,23.0
2024-08-09 02:43:04,57.5,23.0
2024-08-09 02:43:06,52.3,23.0
2024-08-09 02:43:08,52.3,23.0
2024-08-09 02:43:10,52.4,22.9
2024-08-09 02:43:12,59.9,23.0
2024-08-09 02:43:14,52.4,22.9
2024-08-09 02:43:16,52.3,22.9
2024-08-09 02:43:18,56.8,22.9
2024-08-09 02:43:20,52.3,22.9
2024-08-09 02:43:22,52.3,22.9
2024-08-09 02:43:24,57.4,22.9
2024-08-09 02:43:26,53.7,23.0
2024-08-09 02:43:28,56.3,22.8
2024-08-09 02:43:30,55.3,22.8
2024-08-09 02:43:32,54.1,23.0
2024-08-09 02:43:34,52.3,23.0
2024-08-09 02:43:36,52.3,22.9
2024-08-09 02:43:38,53.3,22.9
2024-08-09 02:43:40,55.3,23.0
2024-08-09 02:43:42,59.5,22.9
2024-08-09 02:43:44,52.3,22.9
2024-08-09 02:43:46,52.3,23.0
2024-08-09 02:43:48,52.3,23.0
2024-08-09 02:43:50,58.9,23.0
2024-08-09 02:43:52,56.2,22.9
2024-08-09 02:43:54,52.3,23.0
2024-08-09 02:43:56,52.3,23.0
2024-08-09 02:43:58,54.5,23.0
2024-08-09 02:44:00,56.3,22.9
2024-08-09 02:44:02,52.3,22.9
2024-08-09 02:44:04,55.0,22.9
2024-08-09 02:44:06,63.2,23.0
2024-08-09 02:44:08,61.9,22.9
2024-08-09 02:44:10,56.8,23.1
2024-08-09 02:44:12,52.3,23.0
2024-08-09 02:44:14,52.3,23.0
2024-08-09 02:44:16,52.3,22.8
2024-08-09 02:44:18,54.9,22.9
2024-08-09 02:44:20,56.1,22.9
2024-08-09 02:44:22,52.3,22.9
2024-08-09 02:44:24,53.9,22.8
2024-08-09 02:44:26,52.3,22.9
2024-08-09 02:44:28,55.4,23.0
2024-08-09 02:44:30,56.9,22.9
2024-08-09 02:44:32,52.3,22.8
2024-08-09 02:44:34,58.8,22.8
2024-08-09 02:44:36,56.5,22.9
2024-08-09 02:44:38,52.3,23.0
2024-08-09 02:44:40,52.3,22.9
2024-08-09 02:44:42,55.5,22.9
2024-08-09 02:44:44,54.1,22.9
2024-08-09 02:44:46,52.3,23.0
2024-08-09 02:44:48,55.1,23.0
2024-08-09 02:44:50,52.3,23.0
2024-08-09 02:44:52,52.3,22.9
2024-08-09 02:44:54,53.7,22.8
2024-08-09 02:44:56,55.5,22.8
2024-08-09 02:44:58,54.6,23.0
2024-08-09 02:45:00,56.6,23.0
2024-08-09 02:45:02,55.7,22.9
2024-08-09 02:45:04,54.1,22.9
2024-08-09 02:45:06,54.6,22.8
2024-08-09 02:45:08,52.3,22.8
2024-08-09 02:45:10,52.3,23.0
2024-08-09 02:45:12,58.2,22.9
2024-08-09 02:45:14,60.6,23.0
2024-08-09 02:45:16,55.9,22.9
2024-08-09 02:45:18,54.1,23.1
2024-08-09 02:45:20,57.0,23.0
2024-08-09 02:45:22,52.9,23.0
2024-08-09 02:45:24,56.5,22.9
2024-08-09 02:45:26,57.1,22.9
2024-08-09 02:45:28,55.0,23.0
2024-08-09 02:45:30,52.3,23.0
2024-08-09 02:45:32,55.6,23.0
2024-08-09 02:45:34,58.9,23.0
2024-08-09 02:45:36,52.3,23.0
2024-08-09 02:45:38,53.7,22.9
2024-08-09 02:45:40,56.9,23.1
2024-08-09 02:45:42,52.3,22.9
2024-08-09 02:45:44,52.3,22.9
2024-08-09 02:45:46,53.0,23.0
2024-08-09 02:45:48,55.8,23.0
2024-08-09 02:45:50,53.0,22.9
2024-08-09 02:45:52,52.3,23.0
2024-08-09 02:45:54,54.6,22.9
2024-08-09 02:45:56,54.4,22.9
2024-08-09 02:45:58,54.9,22.9
2024-08-09 02:46:00,52.3,23.0
2024-08-09 02:46:02,52.3,23.0
2024-08-09 02:46:04,54.0,22.9
2024-08-09 02:46:06,54.9,22.9
2024-08-09 02:46:08,65.1,22.9
2024-08-09 02:46:10,52.5,23.0
2024-08-09 02:46:12,54.1,22.8
2024-08-09 02:46:14,52.4,23.0
2024-08-09 02:46:16,52.3,23.0
2024-08-09 02:46:18,52.3,23.0
2024-08-09 02:46:20,54.4,23.0
2024-08-09 02:46:22,53.9,23.0
2024-08-09 02:46:24,52.3,22.9
2024-08-09 02:46:26,52.3,22.8
2024-08-09 02:46:28,54.1,22.9
2024-08-09 02:46:30,61.8,22.8
2024-08-09 02:46:32,52.6,23.1
2024-08-09 02:46:34,52.3,22.9
2024-08-09 02:46:36,56.3,22.9
2024-08-09 02:46:38,54.0,22.8
2024-08-09 02:46:40,54.1,23.0
2024-08-09 02:46:42,52.5,22.9
2024-08-09 02:46:44,54.8,22.9
2024-08-09 02:46:46,52.3,23.0
2024-08-09 02:46:48,53.8,23.0
2024-08-09 02:46:50,52.3,22.9
2024-08-09 02:46:52,52.3,23.1
2024-08-09 02:46:54,52.3,22.9
2024-08-09 02:46:56,52.3,23.0
2024-08-09 02:46:58,60.1,23.0
2024-08-09 02:47:00,52.3,22.9
2024-08-09 02:47:02,55.6,22.9
2024-08-09 02:47:04,52.3,23.0
2024-08-09 02:47:06,60.9,22.9
2024-08-09 02:47:08,54.2,22.9
2024-08-09 02:47:10,57.4,23.0
2024-08-09 02:47:12,56.3,22.9
2024-08-09 02:47:14,52.3,23.0
2024-08-09 02:47:16,52.3,22.8
2024-08-09 02:47:18,59.0,22.8
2024-08-09 02:47:20,52.6,22.8
2024-08-09 02:47:22,52.3,22.9
2024-08-09 02:47:24,60.7,22.8
2024-08-09 02:47:26,52.3,23.0
2024-08-09 02:47:28,60.8,23.0
2024-08-09 02:47:30,58.3,23.0
2024-08-09 02:47:32,53.1,23.1
2024-08-09 02:47:34,54.3,23.0
2024-08-09 02:47:36,56.8,23.0
2024-08-09 02:47:38,52.3,22.9
2024-08-09 02:47:40,53.2,23.0
2024-08-09 02:47:42,57.4,23.1
2024-08-09 02:47:44,53.5,22.9
2024-08-09 02:47:46,52.3,22.9
2024-08-09 02:47:48,52.6,22.9
2024-08-09 02:47:50,53.8,22.9
2024-08-09 02:47:52,52.3,23.0
2024-08-09 02:47:54,52.3,23.0
2024-08-09 02:47:56,55.2,23.1
2024-08-09 02:47:58,55.0,22.9
2024-08-09 02:48:00,56.6,23.1
2024-08-09 02:48:02,56.9,23.0
2024-08-09 02:48:04,58.3,22.8
2024-08-09 02:48:06,55.5,22.9
2024-08-09 02:48:08,52.3,23.0
2024-08-09 02:48:10,57.6,23.0
2024-08-09 02:48:12,61.0,22.9
2024-08-09 02:48:14,52.4,22.9
2024-08-09 02:48:16,52.7,22.9
2024-08-09 02:48:18,52.3,22.9
2024-08-09 02:48:20,52.5,22.8
2024-08-09 02:48:22,53.3,23.0
2024-08-09 02:48:24,59.1,23.0
2024-08-09 02:48:26,52.3,22.8
2024-08-09 02:48:28,53.4,23.0
2024-08-09 02:48:30,53.7,22.9
2024-08-09 02:48:32,54.8,23.0
2024-08-09 02:48:34,63.5,23.0
2024-08-09 02:48:36,52.6,22.9
2024-08-09 02:48:38,56.6,23.0
2024-08-09 02:48:40,63.2,22.8
2024-08-09 02:48:42,52.3,23.1
2024-08-09 02:48:44,52.9,22.9
2024-08-09 02:48:46,53.0,23.0
2024-08-09 02:48:48,52.3,23.0
2024-08-09 02:48:50,57.0,23.1
2024-08-09 02:48:52,54.3,23.0
2024-08-09 02:48:54,54.9,22.9
2024-08-09 02:48:56,52.3,23.0
2024-08-09 02:48:58,52.3,23.0
2024-08-09 02:49:00,52.3,23.0
2024-08-09 02:49:02,52.3,22.9
2024-08-09 02:49:04,58.2,22.9
2024-08-09 02:49:06,56.3,22.9
2024-08-09 02:49:08,53.4,22.8
2024-08-09 02:49:10,55.9,22.9
2024-08-09 02:49:12,56.4,22.9
2024-08-09 02:49:14,52.3,23.0
2024-08-09 02:49:16,52.3,22.8
2024-08-09 02:49:18,52.6,22.9
2024-08-09 02:49:20,52.3,22.9
2024-08-09 02:49:22,53.9,23.1
2024-08-09 02:49:24,52.3,22.9
2024-08-09 02:49:26,52.3,22.9
2024-08-09 02:49:28,52.3,22.9
2024-08-09 02:49:30,52.8,22.8
2024-08-09 02:49:32,59.6,23.0
2024-08-09 02:49:34,52.9,23.0
2024-08-09 02:49:36,52.5,23.1
2024-08-09 02:49:38,52.8,22.9
2024-08-09 02:49:40,52.6,23.1
2024-08-09 02:49:42,52.3,22.9
2024-08-09 02:49:44,57.2,23.0
2024-08-09 02:49:46,52.3,22.9
2024-08-09 02:49:48,53.7,22.9
2024-08-09 02:49:50,52.3,22.9
2024-08-09 02:49:52,55.8,23.0
2024-08-09 02:49:54,60.6,22.8
2024-08-09 02:49:56,52.3,23.0
2024-08-09 02:49:58,52.8,22.8
2024-08-09 02:50:00,52.3,23.0
2024-08-09 02:50:02,55.3,22.9
2024-08-09 02:50:04,52.3,23.0
2024-08-09 02:50:06,58.5,22.9
2024-08-09 02:50:08,53.3,23.0
2024-08-09 02:50:10,54.0,22.9
2024-08-09 02:50:12,55.4,22.9
2024-08-09 02:50:14,52.3,22.8
2024-08-09 02:50:16,52.3,22.9
2024-08-09 02:50:18,59.5,22.9
