timestamp,x,y,z
2024-09-04 10:48:16.809979,-12.27,-1.28,-0.98
2024-09-04 10:48:18.162735,-0.37,-0.85,-0.49
2024-09-04 10:48:18.778424,-0.55,-1.89,-1.34
2024-09-04 10:48:19.821934,-2.08,-1.1,-0.92
2024-09-04 10:48:20.926866,-183.72,13.0,258.91
2024-09-04 10:48:21.950936,-174.62,26.37,308.96
2024-09-04 10:48:22.746059,323.67,91.19,186.1
2024-09-04 10:48:23.755076,-421.75,-237.85,-361.94
2024-09-04 10:48:24.794151,22.4,27.28,-59.63
2024-09-04 10:48:25.816613,-163.7,340.58,136.35
2024-09-04 10:48:26.775220,89.6,-260.8,217.9
2024-09-04 10:48:27.998855,56.4,-60.67,726.01
2024-09-04 10:48:29.122595,-152.47,-478.27,113.95
2024-09-04 10:48:29.813512,-36.5,204.1,236.88
2024-09-04 10:48:30.797724,220.89,-249.21,333.07
2024-09-04 10:48:31.985259,-31.43,492.31,152.16
2024-09-04 10:48:32.907857,169.07,-164.0,-180.05
2024-09-04 10:48:33.808344,16.72,4.7,12.57
2024-09-04 10:48:34.956467,7.02,-100.04,-45.96
2024-09-04 10:48:35.995529,40.65,21.85,-41.69
2024-09-04 10:48:36.904952,0.06,-0.85,-0.43
2024-09-04 10:48:37.925183,0.0,-0.73,-0.37
2024-09-04 10:48:38.844554,-0.06,-0.79,-0.43
2024-09-04 10:48:39.881513,-0.12,-0.79,-0.43
2024-09-04 10:48:40.996797,-0.12,-0.79,-0.43
2024-09-04 10:48:42.021789,-0.98,-0.85,-0.43
2024-09-04 10:48:42.854718,-0.24,-0.79,-0.49
2024-09-04 10:48:44.076657,-0.24,-0.79,-0.43
2024-09-04 10:48:45.401845,-0.18,-0.79,-0.43
2024-09-04 10:48:45.883762,-0.31,-0.85,-0.55
2024-09-04 10:48:46.904170,0.06,-0.79,-0.49
2024-09-04 10:48:47.966269,-0.18,-0.85,-0.49
2024-09-04 10:48:48.983587,-0.18,-0.85,-0.43
2024-09-04 10:48:49.914590,-0.24,-0.79,-0.43
2024-09-04 10:48:51.134146,-0.06,-0.85,-0.43
2024-09-04 10:48:51.925372,105.96,40.16,-187.87
2024-09-04 10:48:52.947404,-109.38,-605.29,727.36
2024-09-04 10:48:53.938799,-86.24,-309.88,136.11
2024-09-04 10:48:54.926907,-214.23,-52.61,54.75
2024-09-04 10:48:56.049318,-61.28,-469.97,-15.93
2024-09-04 10:48:56.969228,96.62,-212.16,-102.29
2024-09-04 10:48:58.097988,-27.1,-394.65,-259.89
2024-09-04 10:48:59.122500,-147.4,466.98,190.12
2024-09-04 10:49:00.044547,-22.89,-81.24,35.16
2024-09-04 10:49:01.486479,191.89,-158.2,165.77
2024-09-04 10:49:01.962686,0.06,-70.19,4.52
2024-09-04 10:49:02.966817,-100.16,399.48,453.61
2024-09-04 10:49:04.003883,245.97,46.63,-436.04
2024-09-04 10:49:05.264948,-9.83,-71.53,-86.85
2024-09-04 10:49:06.087683,14.89,-46.57,-58.65
2024-09-04 10:49:07.110132,-0.31,-0.79,-0.43
2024-09-04 10:49:08.004421,-0.24,-0.79,-0.49
2024-09-04 10:49:09.158706,-0.18,-0.79,-0.43
2024-09-04 10:49:10.024346,-0.18,-0.79,-0.43
2024-09-04 10:49:11.020204,-0.24,-0.73,-0.43
2024-09-04 10:49:12.044415,-0.31,-0.79,-0.43
2024-09-04 10:49:13.041868,-0.18,-0.79,-0.43
2024-09-04 10:49:14.054066,-0.18,-0.79,-0.49
2024-09-04 10:49:15.302183,-0.24,-0.79,-0.43
2024-09-04 10:49:16.048490,-0.31,-0.79,-0.43
2024-09-04 10:49:17.475170,-0.24,-0.79,-0.49
2024-09-04 10:49:18.279930,-0.24,-0.79,-0.37
2024-09-04 10:49:19.398862,-0.31,-0.79,-0.43
2024-09-04 10:49:20.074143,-2.14,-15.99,15.62
2024-09-04 10:49:21.139293,50.6,208.01,-67.75
2024-09-04 10:49:22.099201,4.09,-100.71,-156.43
2024-09-04 10:49:23.122595,-13.0,-99.85,68.66
2024-09-04 10:49:24.192402,23.38,-151.55,-27.77
2024-09-04 10:49:25.335918,82.46,-82.21,57.07
2024-09-04 10:49:26.153945,1.16,6.47,-3.05
2024-09-04 10:49:27.282390,63.78,-175.54,308.65
2024-09-04 10:49:28.153585,-50.05,97.53,-163.57
2024-09-04 10:49:29.328450,-2.08,-0.31,-0.85
2024-09-04 10:49:30.250161,-59.51,-49.07,41.14
2024-09-04 10:49:31.382354,-11.9,12.39,-48.4
2024-09-04 10:49:32.145677,-0.24,-0.79,-0.49
2024-09-04 10:49:33.552383,-0.06,-0.79,-0.49
2024-09-04 10:49:34.229889,0.0,-0.79,-0.43
2024-09-04 10:49:35.186791,-0.79,-1.04,-0.49
2024-09-04 10:49:36.191553,-0.31,-0.79,-0.43
2024-09-04 10:49:37.315586,-0.31,-0.79,-0.43
2024-09-04 10:49:38.181983,-0.24,-0.79,-0.43
2024-09-04 10:49:39.266651,-0.31,-0.79,-0.43
2024-09-04 10:49:40.387445,-0.31,-0.79,-0.43
2024-09-04 10:49:41.194296,89.66,75.62,38.21
2024-09-04 10:49:42.416006,41.5,333.07,7.45
2024-09-04 10:49:43.338186,79.1,849.06,238.22
2024-09-04 10:49:44.382299,-79.96,-565.67,-322.14
2024-09-04 10:49:45.408640,-201.35,-525.09,-711.79
2024-09-04 10:49:46.225721,-0.49,101.14,393.07
2024-09-04 10:49:47.228532,103.27,-216.31,17.03
2024-09-04 10:49:48.477568,7.69,-60.24,64.76
2024-09-04 10:49:49.624128,169.25,691.65,403.5
2024-09-04 10:49:50.320067,52.19,-305.24,-362.43
2024-09-04 10:49:51.446632,-123.47,0.0,32.71
2024-09-04 10:49:52.367926,-161.13,-80.81,-92.9
2024-09-04 10:49:53.270889,-4.21,-5.0,0.24
2024-09-04 10:49:54.275676,52.49,-267.88,261.66
2024-09-04 10:49:55.337988,-192.32,113.46,-5.49
2024-09-04 10:49:56.361576,56.34,-49.56,60.61
2024-09-04 10:49:57.426367,-57.86,-22.16,-76.35
2024-09-04 10:49:58.409584,15.99,-30.27,92.1
2024-09-04 10:49:59.535985,-23.99,-162.29,-39.06
2024-09-04 10:50:00.357623,-5.25,11.9,-40.1
2024-09-04 10:50:01.429390,-4.39,-17.09,-8.85
2024-09-04 10:50:02.348502,42.79,-230.1,293.21
2024-09-04 10:50:03.323087,198.3,-43.09,0.24
2024-09-04 10:50:04.457696,-31.68,173.16,248.96
2024-09-04 10:50:05.921835,-19.65,-47.85,114.32
2024-09-04 10:50:06.320665,-76.48,-98.02,91.86
2024-09-04 10:50:07.346390,-0.31,-2.5,8.85
2024-09-04 10:50:08.505887,-0.18,0.92,2.81
2024-09-04 10:50:09.454833,64.33,-251.65,-243.41
2024-09-04 10:50:10.354537,16.3,15.99,36.93
2024-09-04 10:50:11.365829,89.6,-190.0,593.32
2024-09-04 10:50:12.377499,9.64,-26.0,-63.66
2024-09-04 10:50:13.428692,-62.38,-384.7,-175.84
2024-09-04 10:50:14.419592,-1.28,-190.67,161.32
2024-09-04 10:50:15.394488,-57.56,112.0,-19.65
2024-09-04 10:50:16.526046,-157.59,585.45,383.73
2024-09-04 10:50:17.433578,28.26,-69.64,-34.97
2024-09-04 10:50:18.411075,-355.29,-220.95,353.64
2024-09-04 10:50:19.693909,-9.64,-49.38,66.96
2024-09-04 10:50:20.405176,-39.49,450.74,-270.32
2024-09-04 10:50:21.862408,16.48,18.37,185.42
2024-09-04 10:50:22.437243,705.69,-156.86,106.2
2024-09-04 10:50:23.601417,155.27,-671.81,-167.48
2024-09-04 10:50:24.523378,-207.46,-344.6,24.66
2024-09-04 10:50:25.647364,46.02,45.29,95.7
2024-09-04 10:50:26.867315,-81.24,-163.51,-618.35
2024-09-04 10:50:27.468840,358.34,-670.59,-318.54
2024-09-04 10:50:28.467148,-346.98,174.26,440.06
2024-09-04 10:50:29.745545,105.04,-329.83,380.74
2024-09-04 10:50:30.484173,186.04,-124.39,97.53
2024-09-04 10:50:31.505943,-103.52,-181.52,212.16
2024-09-04 10:50:32.617358,674.13,-392.88,186.16
2024-09-04 10:50:33.635516,41.26,358.09,-840.39
2024-09-04 10:50:34.508706,-260.68,802.73,338.87
2024-09-04 10:50:35.581658,296.75,-620.12,-442.02
2024-09-04 10:50:36.527901,88.07,378.42,763.85
2024-09-04 10:50:37.845496,41.87,150.15,-69.95
2024-09-04 10:50:38.513119,-360.47,407.59,653.14
2024-09-04 10:50:39.516986,137.15,-330.26,170.78
2024-09-04 10:50:40.699974,26.25,-59.45,126.46
2024-09-04 10:50:41.542627,-119.08,198.43,130.49
2024-09-04 10:50:42.860002,-94.67,-148.99,-77.76
2024-09-04 10:50:43.852694,4.33,-0.79,-2.14
2024-09-04 10:50:44.695816,-0.98,-1.22,-0.73
2024-09-04 10:50:45.616262,-0.61,-0.85,-0.37
2024-09-04 10:50:46.847343,-0.49,-0.85,-0.31
2024-09-04 10:50:47.600119,-0.31,-0.73,-0.37
2024-09-04 10:50:48.682737,0.18,-0.79,-0.31
2024-09-04 10:50:49.603091,0.31,-0.61,-0.31
2024-09-04 10:50:50.737351,-0.06,-0.73,-0.37
2024-09-04 10:50:51.623480,-0.31,-0.73,-0.37
2024-09-04 10:50:52.592317,0.12,-0.67,-0.37
2024-09-04 10:50:53.917848,-0.37,-0.79,-0.37
2024-09-04 10:50:54.604179,-0.12,-0.73,-0.37
2024-09-04 10:50:55.634840,-0.31,-0.73,-0.43
2024-09-04 10:50:56.776383,-0.12,-0.73,-0.37
2024-09-04 10:50:57.620895,-0.31,-0.73,-0.37
2024-09-04 10:50:58.636474,-0.12,-0.73,-0.37
2024-09-04 10:50:59.747949,-0.06,-0.73,-0.37
2024-09-04 10:51:00.974798,-0.49,-0.85,-0.37
2024-09-04 10:51:01.654425,-0.67,-0.79,-0.43
2024-09-04 10:51:02.715795,-0.55,-0.79,-0.37
2024-09-04 10:51:03.743293,-0.18,-0.79,-0.37
2024-09-04 10:51:04.867681,-0.12,-0.73,-0.37
2024-09-04 10:51:05.787372,0.12,-0.73,-0.37
2024-09-04 10:51:06.812289,-0.61,-0.79,-0.43
2024-09-04 10:51:07.690743,-0.49,-0.85,-0.37
2024-09-04 10:51:08.859350,-0.49,-0.79,-0.37
2024-09-04 10:51:10.158648,0.0,-0.73,-0.37
2024-09-04 10:51:10.823040,-0.31,-0.79,-0.37
2024-09-04 10:51:11.704352,0.06,-0.73,-0.37
2024-09-04 10:51:12.713815,-0.18,-0.73,-0.37
2024-09-04 10:51:13.774538,-0.55,-0.79,-0.43
2024-09-04 10:51:14.713217,-0.37,-0.79,-0.37
2024-09-04 10:51:15.752398,0.0,-0.73,-0.37
2024-09-04 10:51:16.752169,-0.18,-0.79,-0.43
2024-09-04 10:51:17.778501,-0.43,-0.79,-0.37
2024-09-04 10:51:18.894405,0.06,-0.73,-0.37
2024-09-04 10:51:19.748476,-0.31,-0.79,-0.43
2024-09-04 10:51:20.858648,-0.43,-0.79,-0.43
2024-09-04 10:51:21.764658,-0.18,-0.73,-0.37
2024-09-04 10:51:22.763305,0.06,-0.73,-0.37
2024-09-04 10:51:23.854415,-0.61,-0.85,-0.37
2024-09-04 10:51:24.784911,-0.31,-0.73,-0.37
2024-09-04 10:51:26.268766,-0.67,-0.85,-0.43
2024-09-04 10:51:26.781835,-0.85,-0.85,-0.43
2024-09-04 10:51:27.907355,-0.06,-0.73,-0.37
2024-09-04 10:51:29.135337,-0.12,-0.73,-0.43
2024-09-04 10:51:29.897030,-0.24,-0.79,-0.43
2024-09-04 10:51:30.874876,-0.31,-0.79,-0.43
2024-09-04 10:51:31.822875,0.49,-0.67,-0.37
2024-09-04 10:51:33.025317,-0.24,-0.79,-0.43
2024-09-04 10:51:33.948911,-0.24,-0.73,-0.43
2024-09-04 10:51:34.836036,0.06,-0.79,-0.37
2024-09-04 10:51:35.994299,-0.06,-0.73,-0.43
2024-09-04 10:51:37.114179,-0.37,-0.79,-0.43
2024-09-04 10:51:37.864726,0.0,-0.73,-0.37
2024-09-04 10:51:38.861903,0.0,-0.73,-0.43
2024-09-04 10:51:39.986740,-0.31,-0.79,-0.43
2024-09-04 10:51:41.115165,-0.18,-0.79,-0.37
2024-09-04 10:51:42.376821,-0.18,-0.79,-0.43
2024-09-04 10:51:42.958526,-0.18,-0.79,-0.43
2024-09-04 10:51:43.881621,-0.43,-0.79,-0.43
2024-09-04 10:51:44.946478,-0.06,-0.73,-0.37
2024-09-04 10:51:45.927590,-3.97,-3.23,0.24
2024-09-04 10:51:46.899738,-0.24,-0.79,-0.37
2024-09-04 10:51:47.905609,-0.31,-0.79,-0.43
2024-09-04 10:51:48.999521,-0.61,-0.85,-0.43
2024-09-04 10:51:49.922580,-0.06,-0.73,-0.43
2024-09-04 10:51:51.025398,-0.12,-0.79,-0.37
2024-09-04 10:51:51.925646,-0.49,-0.79,-0.43
2024-09-04 10:51:52.996027,-0.55,-0.79,-0.49
2024-09-04 10:51:53.947704,-0.06,-0.73,-0.43
2024-09-04 10:51:54.939695,-0.12,-0.73,-0.43
2024-09-04 10:51:55.940636,-0.43,-0.79,-0.49
2024-09-04 10:51:57.137534,16.11,-30.21,52.25
2024-09-04 10:51:58.533461,10.38,-737.79,252.99
2024-09-04 10:51:59.140771,22.77,2.26,-0.24
2024-09-04 10:51:59.965509,-241.46,-181.34,-73.85
2024-09-04 10:52:00.995570,-0.31,-0.79,-0.43
2024-09-04 10:52:01.971517,-0.06,-0.79,-0.43
2024-09-04 10:52:02.985519,0.0,-0.79,-0.49
2024-09-04 10:52:04.008243,-0.31,-0.73,-0.43
2024-09-04 10:52:05.011276,-0.12,-0.79,-0.43
2024-09-04 10:52:06.100106,-0.18,-0.79,-0.43
2024-09-04 10:52:07.330337,-0.24,-0.73,-0.43
2024-09-04 10:52:08.254638,-0.18,-0.79,-0.43
2024-09-04 10:52:09.015543,-0.18,-0.79,-0.43
2024-09-04 10:52:10.196083,-0.67,-1.22,-0.73
2024-09-04 10:52:11.048098,-0.24,-0.61,-0.24
2024-09-04 10:52:12.347339,-0.06,-0.55,-0.24
2024-09-04 10:52:13.039290,-0.55,-1.04,-0.79
2024-09-04 10:52:14.534409,-0.12,-0.98,-0.55
2024-09-04 10:52:15.095395,0.0,-0.61,-0.24
2024-09-04 10:52:16.180012,-0.43,-0.92,-0.55
2024-09-04 10:52:17.166369,-0.18,-0.79,-0.43
2024-09-04 10:52:18.080424,-0.37,-0.85,-0.49
2024-09-04 10:52:19.207516,-0.18,-0.73,-0.37
2024-09-04 10:52:20.109364,-0.18,-0.67,-0.31
2024-09-04 10:52:21.357478,-0.18,-0.73,-0.37
2024-09-04 10:52:22.091044,-0.18,-0.67,-0.43
2024-09-04 10:52:23.107171,-0.12,-0.67,-0.37
2024-09-04 10:52:24.225063,-0.24,-0.79,-0.43
2024-09-04 10:52:25.351093,-0.18,-0.67,-0.31
2024-09-04 10:52:26.170386,-0.24,-0.73,-0.43
2024-09-04 10:52:27.421482,-0.18,-0.79,-0.49
2024-09-04 10:52:28.150507,-0.31,-0.92,-0.55
2024-09-04 10:52:29.415203,-0.06,-0.67,-0.37
2024-09-04 10:52:30.605163,-0.24,-0.79,-0.43
2024-09-04 10:52:31.291141,-0.12,-0.79,-0.49
2024-09-04 10:52:32.213030,0.06,-0.37,-0.18
2024-09-04 10:52:33.162450,0.06,-0.43,-0.18
2024-09-04 10:52:34.262902,-0.31,-0.79,-0.43
2024-09-04 10:52:35.391954,-0.49,-0.92,-0.43
2024-09-04 10:52:36.409898,-0.67,-1.04,-0.49
2024-09-04 10:52:37.331746,-0.43,-1.04,-0.67
2024-09-04 10:52:38.361321,-0.12,-0.85,-0.49
2024-09-04 10:52:39.201368,-0.06,-0.79,-0.49
2024-09-04 10:52:40.225908,-0.06,-0.85,-0.43
2024-09-04 10:52:41.211188,0.0,-0.61,-0.24
2024-09-04 10:52:42.349198,-0.18,-0.73,-0.37
2024-09-04 10:52:43.212598,0.06,-0.43,-0.18
2024-09-04 10:52:44.396869,-0.18,-0.73,-0.37
2024-09-04 10:52:45.320282,-0.06,-0.79,-0.49
2024-09-04 10:52:46.563160,-0.31,-0.85,-0.49
2024-09-04 10:52:47.367597,-0.12,-0.67,-0.37
2024-09-04 10:52:48.390830,-0.55,-0.67,-0.24
2024-09-04 10:52:49.233159,-0.31,-0.85,-0.49
2024-09-04 10:52:50.383900,-0.06,-0.73,-0.49
2024-09-04 10:52:51.361545,-0.18,-0.73,-0.43
2024-09-04 10:52:52.281030,-0.12,-0.79,-0.49
2024-09-04 10:52:53.307503,160.52,-201.97,470.03
2024-09-04 10:52:54.391785,-78.61,194.4,-115.36
2024-09-04 10:52:55.414997,-97.05,127.08,415.16
2024-09-04 10:52:56.377504,0.79,-287.78,-412.29
2024-09-04 10:52:57.278570,-140.93,-567.26,-1001.16
2024-09-04 10:52:58.278988,-382.02,233.89,836.55
2024-09-04 10:52:59.351306,277.89,-663.02,-631.65
2024-09-04 10:53:00.373717,-398.01,281.8,527.59
2024-09-04 10:53:01.395143,-8.48,90.94,-116.15
2024-09-04 10:53:02.748792,-332.52,-665.53,-761.35
2024-09-04 10:53:03.343079,-108.7,691.71,97.84
2024-09-04 10:53:04.569721,-601.62,-131.65,264.95
2024-09-04 10:53:05.593284,124.21,-258.79,-110.29
2024-09-04 10:53:06.411599,441.89,-514.34,127.93
2024-09-04 10:53:07.538835,-239.99,744.57,246.52
2024-09-04 10:53:08.665043,-42.48,-96.56,-73.67
2024-09-04 10:53:09.452870,-58.53,75.5,54.81
2024-09-04 10:53:10.350453,-55.3,-289.61,321.35
2024-09-04 10:53:11.372698,40.77,-240.05,731.81
2024-09-04 10:53:12.369614,-413.94,-413.57,259.09
2024-09-04 10:53:13.368959,16.48,-226.75,-606.32
2024-09-04 10:53:14.414989,-262.39,-181.03,94.97
2024-09-04 10:53:15.526056,-13.43,7.81,31.13
2024-09-04 10:53:16.463305,-134.4,261.9,587.34
2024-09-04 10:53:17.426592,-119.81,81.67,85.02
2024-09-04 10:53:18.822291,35.89,-20.87,5.49
2024-09-04 10:53:19.519373,29.79,-22.71,-4.64
2024-09-04 10:53:20.543569,-4.52,37.17,21.3
2024-09-04 10:53:27.066445,71.9,51.57,21.73
2024-09-04 10:53:27.424421,-0.24,-0.67,-0.37
2024-09-04 10:53:27.681049,1.04,0.49,0.67
2024-09-04 10:53:28.035724,1.1,1.4,1.1
2024-09-04 10:53:28.325930,-2.93,-2.38,-1.53
2024-09-04 10:53:28.582590,-1.1,-1.16,-0.73
2024-09-04 10:53:29.145122,1.04,-0.18,0.18
2024-09-04 10:53:29.452376,-0.49,-0.92,-0.49
2024-09-04 10:53:29.734210,-0.61,-0.92,-0.49
2024-09-04 10:53:30.486946,-0.24,-0.73,-0.37
2024-09-04 10:53:31.807313,-0.98,-1.1,-0.67
2024-09-04 10:53:32.470491,0.0,-0.67,-0.31
2024-09-04 10:53:33.521118,-1.1,-1.16,-0.67
2024-09-04 10:53:35.090528,0.98,-0.18,0.18
2024-09-04 10:53:35.504007,-1.59,-1.28,-0.92
2024-09-04 10:53:36.503583,-0.31,-0.85,-0.37
2024-09-04 10:53:37.643729,-11.6,-7.63,-5.74
2024-09-04 10:53:38.548410,-4.27,-2.44,-2.26
2024-09-04 10:53:39.843699,2.08,0.0,0.31
2024-09-04 10:53:40.716888,0.12,-0.67,-0.31
2024-09-04 10:53:41.654174,-0.12,-0.79,-0.43
2024-09-04 10:53:42.543336,1.83,0.37,0.55
2024-09-04 10:53:43.567966,0.31,-0.55,-0.18
2024-09-04 10:53:44.577837,0.06,-0.61,-0.18
2024-09-04 10:53:45.587785,0.61,-0.43,-0.06
2024-09-04 10:53:46.688899,0.0,-0.67,-0.24
2024-09-04 10:53:47.610043,-0.49,-0.98,-0.49
2024-09-04 10:53:48.908576,-0.06,-0.73,-0.37
2024-09-04 10:53:49.587991,-0.37,-0.49,-0.37
2024-09-04 10:53:51.106915,0.18,-0.61,-0.24
2024-09-04 10:53:51.597842,0.18,-0.61,-0.24
2024-09-04 10:53:52.593848,0.61,-0.55,-0.06
2024-09-04 10:53:53.598129,-0.37,-0.79,-0.43
2024-09-04 10:53:54.603520,-0.43,-0.79,-0.49
2024-09-04 10:53:55.607649,-0.18,-0.85,-0.37
2024-09-04 10:53:56.746093,-0.24,-0.79,-0.37
2024-09-04 10:53:58.327162,-0.31,-0.79,-0.37
2024-09-04 10:53:59.580785,-0.24,-0.79,-0.43
2024-09-04 10:53:59.973529,-0.31,-0.79,-0.43
2024-09-04 10:54:00.639994,-0.31,-0.73,-0.43
2024-09-04 10:54:01.642268,-0.31,-0.79,-0.43
2024-09-04 10:54:02.894549,-0.31,-0.73,-0.43
2024-09-04 10:54:03.913845,-0.31,-0.79,-0.37
2024-09-04 10:54:06.236293,-0.31,-0.79,-0.43
2024-09-04 10:54:06.532504,-0.31,-0.85,-0.43
2024-09-04 10:54:06.827088,-0.18,-0.79,-0.37
2024-09-04 10:54:07.707815,-0.18,-0.79,-0.43
2024-09-04 10:54:09.081928,-0.31,-0.79,-0.37
2024-09-04 10:54:09.736410,-0.24,-0.79,-0.43
2024-09-04 10:54:10.689830,-0.18,-0.79,-0.37
2024-09-04 10:54:11.849930,-0.37,-0.85,-0.49
2024-09-04 10:54:12.716449,-0.24,-0.79,-0.37
2024-09-04 10:54:13.701333,-0.12,-0.73,-0.37
2024-09-04 10:54:14.717739,-1.16,-1.1,-0.73
2024-09-04 10:54:15.736005,-0.24,-0.79,-0.43
2024-09-04 10:54:16.813859,-0.37,-0.79,-0.43
2024-09-04 10:54:17.722290,-0.31,-0.79,-0.43
2024-09-04 10:54:18.822409,-0.24,-0.79,-0.37
2024-09-04 10:54:19.742330,-0.37,-0.79,-0.43
2024-09-04 10:54:20.838810,-0.24,-0.79,-0.43
2024-09-04 10:54:22.195606,-0.31,-0.85,-0.49
2024-09-04 10:54:23.361424,-0.31,-0.85,-0.43
2024-09-04 10:54:23.774524,-0.31,-0.79,-0.43
2024-09-04 10:54:25.455325,-0.24,-0.79,-0.43
2024-09-04 10:54:25.793197,-0.12,-0.73,-0.37
2024-09-04 10:54:27.033368,-0.18,-0.98,-0.49
2024-09-04 10:54:27.782941,-0.18,-0.79,-0.37
2024-09-04 10:54:28.882288,-0.06,-0.73,-0.37
2024-09-04 10:54:29.794171,-0.31,-0.79,-0.43
2024-09-04 10:54:30.869754,-0.31,-0.79,-0.43
2024-09-04 10:54:31.822030,-0.31,-0.85,-0.49
2024-09-04 10:54:32.834676,-0.24,-0.79,-0.37
2024-09-04 10:54:33.829303,-0.24,-0.79,-0.43
2024-09-04 10:54:34.884448,-0.43,-0.92,-0.49
2024-09-04 10:54:35.841294,-0.24,-0.79,-0.37
2024-09-04 10:54:36.921566,-0.37,-0.79,-0.43
2024-09-04 10:54:38.058550,-0.18,-0.73,-0.37
2024-09-04 10:54:39.201444,-0.18,-0.79,-0.43
2024-09-04 10:54:39.842904,-0.24,-0.73,-0.43
2024-09-04 10:54:40.861564,-0.31,-0.79,-0.43
2024-09-04 10:54:41.867202,-0.18,-0.79,-0.43
2024-09-04 10:54:43.024376,-0.31,-0.85,-0.43
2024-09-04 10:54:44.325686,-0.18,-0.85,-0.43
2024-09-04 10:54:44.907721,-0.24,-0.79,-0.49
2024-09-04 10:54:45.952869,-0.31,-0.79,-0.37
2024-09-04 10:54:46.933723,-0.24,-0.79,-0.43
2024-09-04 10:54:47.898786,-0.18,-0.79,-0.43
2024-09-04 10:54:48.916941,-0.31,-0.79,-0.43
2024-09-04 10:54:49.917610,-0.24,-0.79,-0.43
2024-09-04 10:54:50.939386,-0.18,-0.67,-0.43
2024-09-04 10:54:51.923369,-0.24,-0.79,-0.49
2024-09-04 10:54:52.917048,-0.37,-0.85,-0.49
2024-09-04 10:54:53.935634,-0.18,-0.79,-0.43
2024-09-04 10:54:55.264539,-0.31,-0.79,-0.43
2024-09-04 10:54:55.937836,-0.18,-0.79,-0.43
2024-09-04 10:54:56.949169,-0.24,-0.79,-0.43
2024-09-04 10:54:57.933790,-0.37,-0.79,-0.43
2024-09-04 10:54:58.954424,-0.31,-0.79,-0.43
2024-09-04 10:54:59.958387,-0.43,-0.79,-0.49
2024-09-04 10:55:01.072701,-0.06,-0.73,-0.43
2024-09-04 10:55:01.980642,-0.24,-0.79,-0.43
2024-09-04 10:55:02.976857,-0.24,-0.79,-0.43
2024-09-04 10:55:04.274408,-0.24,-0.79,-0.43
2024-09-04 10:55:04.993110,-0.37,-0.79,-0.43
2024-09-04 10:55:06.003132,-0.31,-0.79,-0.49
2024-09-04 10:55:07.039828,-0.31,-0.85,-0.49
2024-09-04 10:55:07.994204,-0.31,-0.79,-0.43
2024-09-04 10:55:08.994434,-0.24,-0.79,-0.43
2024-09-04 10:55:10.025074,-0.24,-0.79,-0.49
2024-09-04 10:55:11.349679,-0.31,-0.85,-0.43
2024-09-04 10:55:12.028032,-0.31,-0.79,-0.43
2024-09-04 10:55:13.063698,-0.24,-0.79,-0.43
2024-09-04 10:55:14.051652,-0.24,-0.79,-0.37
2024-09-04 10:55:15.050145,-0.24,-0.85,-0.43
2024-09-04 10:55:16.062425,-0.31,-0.79,-0.49
2024-09-04 10:55:17.484847,-0.18,-0.79,-0.43
2024-09-04 10:55:18.071835,-0.24,-0.79,-0.43
2024-09-04 10:55:19.225268,-0.24,-0.79,-0.49
2024-09-04 10:55:20.351122,-0.24,-0.79,-0.43
2024-09-04 10:55:21.176900,-0.24,-0.85,-0.49
2024-09-04 10:55:22.195306,-0.24,-0.79,-0.43
2024-09-04 10:55:23.423990,-0.31,-0.79,-0.49
2024-09-04 10:55:24.093453,-0.24,-0.79,-0.43
2024-09-04 10:55:25.268475,-0.18,-0.73,-0.43
2024-09-04 10:55:26.119135,-0.31,-0.85,-0.49
2024-09-04 10:55:27.665722,-0.31,-0.85,-0.49
2024-09-04 10:55:28.123974,-0.24,-0.79,-0.43
2024-09-04 10:55:29.262203,-0.37,-0.85,-0.49
2024-09-04 10:55:30.140954,-0.24,-0.85,-0.49
2024-09-04 10:55:31.206882,-0.37,-0.85,-0.49
2024-09-04 10:55:32.234494,-0.18,-0.79,-0.43
2024-09-04 10:55:33.153701,-0.18,-0.79,-0.43
2024-09-04 10:55:34.279602,-0.24,-0.79,-0.49
2024-09-04 10:55:35.302935,-0.24,-0.79,-0.43
2024-09-04 10:55:36.223540,-0.18,-0.79,-0.49
2024-09-04 10:55:37.249527,-0.31,-0.85,-0.43
2024-09-04 10:55:38.226411,-0.24,-0.79,-0.43
2024-09-04 10:55:39.194017,-0.24,-0.79,-0.49
2024-09-04 10:55:40.423255,-0.24,-0.79,-0.49
2024-09-04 10:55:41.221035,-0.37,-0.79,-0.49
2024-09-04 10:55:42.265027,-0.18,-0.79,-0.49
2024-09-04 10:55:43.702951,-0.24,-0.85,-0.49
2024-09-04 10:55:44.415193,-0.24,-0.85,-0.49
2024-09-04 10:55:45.214436,-0.31,-0.85,-0.49
2024-09-04 10:55:46.209695,-0.31,-0.85,-0.49
2024-09-04 10:55:47.385966,-0.18,-0.79,-0.49
2024-09-04 10:55:48.306530,-0.31,-0.79,-0.43
2024-09-04 10:55:49.330278,-0.24,-0.79,-0.43
2024-09-04 10:55:50.355882,-0.24,-0.79,-0.49
2024-09-04 10:55:51.276559,-0.24,-0.79,-0.43
2024-09-04 10:55:52.402787,-0.18,-0.79,-0.43
2024-09-04 10:55:53.324002,-0.31,-0.79,-0.43
2024-09-04 10:55:54.248823,-0.24,-0.79,-0.43
2024-09-04 10:55:55.371239,-0.18,-0.79,-0.43
2024-09-04 10:55:56.395071,-0.12,-0.79,-0.43
2024-09-04 10:55:57.319993,-0.24,-0.79,-0.49
2024-09-04 10:55:58.342267,-0.24,-0.79,-0.43
2024-09-04 10:55:59.775070,-0.24,-0.79,-0.49
2024-09-04 10:56:00.312306,-0.18,-0.79,-0.49
2024-09-04 10:56:01.323300,-0.31,-0.85,-0.49
2024-09-04 10:56:02.298714,-0.12,-0.73,-0.43
2024-09-04 10:56:03.358864,-0.24,-0.79,-0.49
2024-09-04 10:56:04.417514,-0.24,-0.79,-0.49
2024-09-04 10:56:05.407134,-0.37,-0.79,-0.49
2024-09-04 10:56:06.319001,-0.31,-0.79,-0.49
2024-09-04 10:56:07.557183,-0.24,-0.79,-0.49
2024-09-04 10:56:08.376730,-0.24,-0.79,-0.49
2024-09-04 10:56:09.452842,-0.24,-0.79,-0.49
2024-09-04 10:56:10.415038,-0.24,-0.79,-0.49
2024-09-04 10:56:11.394253,-0.31,-0.79,-0.49
2024-09-04 10:56:12.363089,-0.24,-0.79,-0.49
2024-09-04 10:56:13.365123,-0.24,-0.79,-0.55
2024-09-04 10:56:14.393666,-0.24,-0.79,-0.49
2024-09-04 10:56:15.762816,-0.31,-0.79,-0.49
2024-09-04 10:56:16.387465,-0.18,-0.79,-0.49
2024-09-04 10:56:17.492964,-0.31,-0.79,-0.49
2024-09-04 10:56:18.515045,-0.24,-0.79,-0.49
2024-09-04 10:56:19.436584,-0.24,-0.85,-0.49
2024-09-04 10:56:20.664344,-0.18,-0.79,-0.49
2024-09-04 10:56:21.408065,-0.31,-0.79,-0.49
2024-09-04 10:56:22.441056,-0.31,-0.79,-0.49
2024-09-04 10:56:23.533196,-0.24,-0.79,-0.49
2024-09-04 10:56:24.452574,-0.24,-0.79,-0.49
2024-09-04 10:56:25.458504,-0.24,-0.85,-0.49
2024-09-04 10:56:26.456829,-0.24,-0.85,-0.55
2024-09-04 10:56:27.452427,-0.24,-0.79,-0.49
2024-09-04 10:56:28.860134,-0.24,-0.79,-0.43
2024-09-04 10:56:29.471624,-0.12,-0.85,-0.49
2024-09-04 10:56:30.471190,-0.31,-0.79,-0.49
2024-09-04 10:56:31.832307,-0.24,-0.79,-0.55
2024-09-04 10:56:32.464101,-0.24,-0.79,-0.49
2024-09-04 10:56:33.670879,-0.31,-0.79,-0.49
2024-09-04 10:56:34.898951,-0.24,-0.79,-0.49
2024-09-04 10:56:35.511921,-0.31,-0.85,-0.49
2024-09-04 10:56:36.660700,-0.31,-0.79,-0.49
2024-09-04 10:56:37.542564,-0.31,-0.85,-0.49
2024-09-04 10:56:38.530400,-0.24,-0.79,-0.49
2024-09-04 10:56:39.710109,-0.31,-0.85,-0.49
2024-09-04 10:56:40.534100,-0.24,-0.79,-0.49
2024-09-04 10:56:41.552231,-0.31,-0.79,-0.49
2024-09-04 10:56:42.542118,-0.24,-0.79,-0.43
2024-09-04 10:56:43.703949,-0.24,-0.79,-0.49
2024-09-04 10:56:44.632776,-0.31,-0.85,-0.49
2024-09-04 10:56:45.650874,-0.24,-0.79,-0.49
2024-09-04 10:56:46.646981,-0.24,-0.79,-0.43
2024-09-04 10:56:48.005041,-0.24,-0.79,-0.49
2024-09-04 10:56:48.595644,-0.24,-0.85,-0.49
2024-09-04 10:56:49.748293,-0.24,-0.79,-0.49
2024-09-04 10:56:50.771375,-0.18,-0.79,-0.43
2024-09-04 10:56:51.720644,-0.18,-0.79,-0.49
2024-09-04 10:56:52.612121,-0.18,-0.79,-0.49
2024-09-04 10:56:53.597773,-0.24,-0.79,-0.49
2024-09-04 10:56:54.762162,-0.24,-0.79,-0.49
2024-09-04 10:56:55.728849,-0.24,-0.79,-0.49
2024-09-04 10:56:56.708118,-0.31,-0.85,-0.49
2024-09-04 10:56:57.731902,-0.24,-0.79,-0.49
2024-09-04 10:56:58.801899,-0.31,-0.79,-0.49
2024-09-04 10:56:59.611571,-0.24,-0.79,-0.49
2024-09-04 10:57:00.729840,-0.24,-0.85,-0.49
2024-09-04 10:57:01.631772,-0.31,-0.85,-0.49
2024-09-04 10:57:02.755652,-0.24,-0.79,-0.49
2024-09-04 10:57:04.388234,-0.18,-0.73,-0.43
2024-09-04 10:57:04.714634,-0.24,-0.79,-0.55
2024-09-04 10:57:05.723684,-0.37,-0.85,-0.55
2024-09-04 10:57:06.751720,-0.31,-0.85,-0.49
2024-09-04 10:57:07.855581,-0.18,-0.79,-0.49
2024-09-04 10:57:08.995854,-0.31,-0.79,-0.49
2024-09-04 10:57:09.713667,-0.31,-0.79,-0.49
2024-09-04 10:57:10.851168,-0.24,-0.79,-0.49
2024-09-04 10:57:11.703413,-0.24,-0.79,-0.49
2024-09-04 10:57:12.777376,-0.24,-0.79,-0.55
2024-09-04 10:57:13.724113,-0.24,-0.79,-0.43
2024-09-04 10:57:14.707481,-0.24,-0.79,-0.55
2024-09-04 10:57:15.711449,-0.12,-0.73,-0.43
2024-09-04 10:57:16.719480,-0.31,-0.85,-0.49
2024-09-04 10:57:17.898323,-0.31,-0.85,-0.49
2024-09-04 10:57:18.736790,-0.18,-0.79,-0.49
2024-09-04 10:57:20.260516,-0.24,-0.79,-0.43
2024-09-04 10:57:20.877201,-0.18,-0.79,-0.49
2024-09-04 10:57:21.731067,-0.24,-0.79,-0.49
2024-09-04 10:57:22.751110,-0.24,-0.79,-0.49
2024-09-04 10:57:23.761368,-0.18,-0.79,-0.49
2024-09-04 10:57:24.759831,-0.24,-0.79,-0.49
2024-09-04 10:57:25.787532,-0.18,-0.79,-0.43
2024-09-04 10:57:26.915601,-0.37,-0.85,-0.55
2024-09-04 10:57:28.042365,-0.31,-0.79,-0.49
2024-09-04 10:57:29.168405,-0.31,-0.85,-0.49
2024-09-04 10:57:29.783195,-0.18,-0.85,-0.49
2024-09-04 10:57:30.811254,-0.37,-0.85,-0.49
2024-09-04 10:57:31.801667,-0.18,-0.79,-0.49
2024-09-04 10:57:32.854792,-0.18,-0.79,-0.43
2024-09-04 10:57:33.932285,-0.37,-0.85,-0.49
2024-09-04 10:57:35.011506,-0.37,-0.85,-0.49
2024-09-04 10:57:36.438609,-0.18,-0.79,-0.43
2024-09-04 10:57:36.848943,-0.31,-0.79,-0.49
2024-09-04 10:57:38.081007,-0.24,-0.79,-0.49
2024-09-04 10:57:38.896319,-0.24,-0.79,-0.49
2024-09-04 10:57:39.901116,-0.31,-0.85,-0.55
2024-09-04 10:57:40.848858,-0.18,-0.79,-0.55
2024-09-04 10:57:41.846496,-0.18,-0.85,-0.55
2024-09-04 10:57:42.901507,-0.37,-0.85,-0.55
2024-09-04 10:57:43.876363,-0.18,-0.79,-0.49
2024-09-04 10:57:45.143688,-0.31,-0.85,-0.49
2024-09-04 10:57:45.885619,-0.24,-0.79,-0.49
2024-09-04 10:57:46.917542,-0.24,-0.85,-0.49
2024-09-04 10:57:48.214858,-0.24,-0.85,-0.49
2024-09-04 10:57:49.342640,-0.31,-0.85,-0.49
2024-09-04 10:57:49.933044,-0.18,-0.79,-0.55
2024-09-04 10:57:51.081978,-0.24,-0.79,-0.43
2024-09-04 10:57:52.447548,-0.24,-0.79,-0.49
2024-09-04 10:57:52.962400,-0.37,-0.85,-0.55
2024-09-04 10:57:53.932598,-0.43,-0.85,-0.55
2024-09-04 10:57:54.948970,-0.18,-0.85,-0.49
2024-09-04 10:57:56.306283,-0.12,-0.79,-0.43
2024-09-04 10:57:57.124363,-0.18,-0.79,-0.43
2024-09-04 10:57:58.044820,-0.31,-0.85,-0.49
2024-09-04 10:57:58.966882,-0.43,-0.92,-0.61
2024-09-04 10:58:00.195470,-0.37,-0.85,-0.55
2024-09-04 10:58:00.995818,-0.31,-0.85,-0.49
2024-09-04 10:58:01.961751,-0.49,-0.92,-0.61
2024-09-04 10:58:02.965318,-0.12,-0.73,-0.43
2024-09-04 10:58:04.037312,-0.31,-0.85,-0.55
2024-09-04 10:58:04.986095,-0.31,-0.85,-0.55
2024-09-04 10:58:06.116031,-0.24,-0.79,-0.49
2024-09-04 10:58:07.018440,-0.18,-0.79,-0.43
2024-09-04 10:58:08.798251,-0.24,-0.79,-0.49
2024-09-04 10:58:09.048168,-0.24,-0.79,-0.49
2024-09-04 10:58:10.333101,-0.18,-0.79,-0.49
2024-09-04 10:58:11.135292,-0.24,-0.79,-0.49
2024-09-04 10:58:12.027093,-0.24,-0.85,-0.55
2024-09-04 10:58:13.034667,-0.24,-0.79,-0.49
2024-09-04 10:58:14.119379,-0.12,-0.79,-0.49
2024-09-04 10:58:15.076377,-0.37,-0.79,-0.55
2024-09-04 10:58:16.068307,-0.24,-0.85,-0.49
2024-09-04 10:58:17.092336,-0.24,-0.79,-0.49
2024-09-04 10:58:18.058388,-0.18,-0.79,-0.49
2024-09-04 10:58:19.104253,-0.24,-0.79,-0.49
2024-09-04 10:58:20.065906,-0.24,-0.85,-0.55
2024-09-04 10:58:21.186714,-0.24,-0.79,-0.55
2024-09-04 10:58:22.112306,-0.24,-0.79,-0.49
2024-09-04 10:58:23.090632,-0.24,-0.79,-0.49
2024-09-04 10:58:24.475302,-0.31,-0.79,-0.49
2024-09-04 10:58:25.182454,-0.24,-0.85,-0.49
2024-09-04 10:58:26.307148,-0.37,-0.85,-0.49
2024-09-04 10:58:27.229910,-0.24,-0.79,-0.49
2024-09-04 10:58:28.354513,-0.18,-0.79,-0.49
2024-09-04 10:58:29.132729,-0.24,-0.79,-0.49
2024-09-04 10:58:30.197586,-0.31,-0.79,-0.49
2024-09-04 10:58:31.222263,-0.24,-0.85,-0.49
2024-09-04 10:58:32.245616,-0.24,-0.85,-0.49
2024-09-04 10:58:33.155326,-0.18,-0.79,-0.43
2024-09-04 10:58:34.416549,-0.24,-0.79,-0.49
2024-09-04 10:58:35.222506,-0.31,-0.85,-0.49
2024-09-04 10:58:36.182797,-0.24,-0.85,-0.49
2024-09-04 10:58:37.150393,-0.37,-0.79,-0.49
2024-09-04 10:58:38.305311,-0.06,-0.79,-0.43
2024-09-04 10:58:39.334006,-0.31,-0.85,-0.61
2024-09-04 10:58:40.855870,-0.37,-0.85,-0.55
2024-09-04 10:58:41.191149,0.06,-0.79,-0.43
2024-09-04 10:58:42.187789,-0.37,-0.85,-0.55
2024-09-04 10:58:43.407271,-0.12,-0.79,-0.49
2024-09-04 10:58:44.246265,-0.18,-0.79,-0.43
2024-09-04 10:58:45.205130,-0.24,-0.79,-0.49
2024-09-04 10:58:46.685418,-0.31,-0.85,-0.49
2024-09-04 10:58:47.222097,-0.31,-0.79,-0.55
2024-09-04 10:58:48.270228,-0.24,-0.79,-0.43
2024-09-04 10:58:49.225162,-0.31,-0.85,-0.49
2024-09-04 10:58:50.410920,-0.24,-0.85,-0.49
2024-09-04 10:58:51.264983,-0.24,-0.79,-0.49
2024-09-04 10:58:52.327546,-0.18,-0.79,-0.49
2024-09-04 10:58:53.423218,0.12,-0.73,-0.37
2024-09-04 10:58:54.274447,-0.24,-0.79,-0.55
2024-09-04 10:58:55.481234,0.0,-0.79,-0.43
2024-09-04 10:58:56.779579,-0.49,-0.98,-0.61
2024-09-04 10:58:57.435501,-0.24,-0.85,-0.49
2024-09-04 10:58:58.277701,-0.24,-0.85,-0.49
2024-09-04 10:58:59.688483,-0.24,-0.79,-0.49
2024-09-04 10:59:00.609865,-0.24,-0.85,-0.49
2024-09-04 10:59:01.354422,-0.24,-0.79,-0.49
2024-09-04 10:59:02.351093,-0.37,-0.85,-0.55
2024-09-04 10:59:03.475469,-0.31,-0.85,-0.55
2024-09-04 10:59:04.302282,-0.43,-0.92,-0.55
2024-09-04 10:59:05.312065,-0.31,-0.79,-0.55
2024-09-04 10:59:06.452168,-0.18,-0.79,-0.49
2024-09-04 10:59:07.572969,-0.37,-0.85,-0.55
2024-09-04 10:59:08.494640,-0.18,-0.85,-0.49
2024-09-04 10:59:09.420476,-0.24,-0.79,-0.49
2024-09-04 10:59:10.353782,-0.24,-0.79,-0.49
2024-09-04 10:59:11.424055,-0.37,-0.79,-0.49
2024-09-04 10:59:12.888976,-0.24,-0.85,-0.49
2024-09-04 10:59:13.414003,-0.24,-0.79,-0.55
2024-09-04 10:59:14.374148,-0.18,-0.79,-0.49
2024-09-04 10:59:15.381861,-0.43,-0.98,-0.55
2024-09-04 10:59:16.584070,-0.24,-0.85,-0.49
2024-09-04 10:59:17.405304,-0.31,-0.92,-0.61
2024-09-04 10:59:18.432042,-0.37,-0.85,-0.55
2024-09-04 10:59:19.553621,-0.24,-0.85,-0.49
2024-09-04 10:59:20.422010,-0.06,-0.79,-0.43
2024-09-04 10:59:21.601700,-0.24,-0.79,-0.49
2024-09-04 10:59:22.471586,-0.24,-0.79,-0.49
2024-09-04 10:59:23.461846,-0.18,-0.79,-0.49
2024-09-04 10:59:24.425816,-0.24,-0.79,-0.49
2024-09-04 10:59:25.555453,-0.31,-0.79,-0.55
2024-09-04 10:59:26.467696,-0.31,-0.79,-0.49
2024-09-04 10:59:27.655521,-0.24,-0.79,-0.49
2024-09-04 10:59:28.872816,-0.24,-0.85,-0.49
2024-09-04 10:59:29.588484,-0.37,-0.85,-0.61
2024-09-04 10:59:30.522642,-0.24,-0.85,-0.55
2024-09-04 10:59:31.841581,-0.24,-0.79,-0.49
2024-09-04 10:59:32.471496,-0.31,-0.79,-0.49
2024-09-04 10:59:33.591807,-0.31,-0.85,-0.49
2024-09-04 10:59:34.486065,-0.31,-0.85,-0.55
2024-09-04 10:59:35.510369,-0.24,-0.79,-0.55
2024-09-04 10:59:36.518007,-0.24,-0.79,-0.49
2024-09-04 10:59:37.575616,-0.43,-0.85,-0.55
2024-09-04 10:59:38.495637,-0.18,-0.79,-0.49
2024-09-04 10:59:39.623922,-0.43,-0.85,-0.61
2024-09-04 10:59:40.749908,-0.24,-0.79,-0.49
2024-09-04 10:59:41.545533,-0.31,-0.79,-0.49
2024-09-04 10:59:42.547391,-0.49,-0.85,-0.55
2024-09-04 10:59:43.720492,-0.12,-0.73,-0.43
2024-09-04 10:59:45.053114,-0.31,-0.85,-0.55
2024-09-04 10:59:45.815805,-0.24,-0.79,-0.49
2024-09-04 10:59:46.561553,-0.24,-0.79,-0.49
2024-09-04 10:59:47.713545,-0.31,-0.79,-0.49
2024-09-04 10:59:48.951541,-0.24,-0.79,-0.49
2024-09-04 10:59:49.658730,-0.18,-0.79,-0.49
2024-09-04 10:59:50.785805,-0.24,-0.79,-0.49
2024-09-04 10:59:51.604476,-0.31,-0.85,-0.55
2024-09-04 10:59:52.733798,0.0,-0.73,-0.37
2024-09-04 10:59:53.586896,-0.37,-0.79,-0.49
2024-09-04 10:59:54.583788,-0.24,-0.85,-0.49
2024-09-04 10:59:55.718196,-0.24,-0.85,-0.55
2024-09-04 10:59:56.662599,-0.43,-0.85,-0.61
2024-09-04 10:59:57.623336,-0.31,-0.85,-0.55
2024-09-04 10:59:58.772570,-0.24,-0.85,-0.49
2024-09-04 10:59:59.624735,-0.31,-0.79,-0.55
2024-09-04 11:00:01.362361,-0.24,-0.79,-0.49
2024-09-04 11:00:01.652119,-0.31,-0.85,-0.49
2024-09-04 11:00:02.659136,-0.24,-0.79,-0.43
2024-09-04 11:00:03.654683,-0.55,-0.98,-0.61
2024-09-04 11:00:04.639543,-0.37,-0.85,-0.55
2024-09-04 11:00:05.638785,-0.55,-0.92,-0.67
2024-09-04 11:00:06.883793,-0.37,-0.85,-0.55
2024-09-04 11:00:07.889039,-0.31,-0.79,-0.49
2024-09-04 11:00:08.663579,-0.24,-0.85,-0.49
2024-09-04 11:00:09.832148,-0.31,-0.79,-0.49
2024-09-04 11:00:10.674207,-0.24,-0.79,-0.49
2024-09-04 11:00:11.701592,-0.18,-0.85,-0.49
2024-09-04 11:00:12.741009,-0.31,-0.85,-0.55
2024-09-04 11:00:13.824842,-0.31,-0.85,-0.55
2024-09-04 11:00:14.713011,-0.18,-0.79,-0.55
2024-09-04 11:00:15.748252,-0.12,-0.73,-0.49
2024-09-04 11:00:17.144371,-0.24,-0.85,-0.55
2024-09-04 11:00:17.920586,-0.37,-0.85,-0.55
2024-09-04 11:00:18.844283,-0.24,-0.85,-0.55
2024-09-04 11:00:19.728933,-0.37,-0.85,-0.55
2024-09-04 11:00:20.730160,-0.12,-0.79,-0.49
2024-09-04 11:00:21.796594,-0.12,-0.73,-0.43
2024-09-04 11:00:22.753467,-0.06,-0.73,-0.49
2024-09-04 11:00:23.813051,-0.31,-0.92,-0.55
2024-09-04 11:00:24.750517,-0.24,-0.79,-0.49
2024-09-04 11:00:26.413413,-0.18,-0.79,-0.49
2024-09-04 11:00:26.830216,-0.24,-0.85,-0.49
2024-09-04 11:00:27.771285,-0.24,-0.85,-0.55
2024-09-04 11:00:28.881972,-0.24,-0.79,-0.49
2024-09-04 11:00:29.901980,-0.18,-0.79,-0.49
2024-09-04 11:00:30.793326,-0.18,-0.85,-0.55
2024-09-04 11:00:32.002225,-0.31,-0.85,-0.49
2024-09-04 11:00:33.386364,-0.24,-0.79,-0.49
2024-09-04 11:00:33.816400,-0.24,-0.85,-0.49
2024-09-04 11:00:34.843603,-0.24,-0.79,-0.49
2024-09-04 11:00:35.942512,-0.31,-0.85,-0.49
2024-09-04 11:00:36.969475,-0.31,-0.85,-0.49
2024-09-04 11:00:38.195420,-0.24,-0.79,-0.49
2024-09-04 11:00:38.869924,-0.24,-0.79,-0.49
2024-09-04 11:00:39.939651,-0.12,-0.73,-0.43
2024-09-04 11:00:40.960302,-0.55,-0.98,-0.67
2024-09-04 11:00:41.873224,-0.12,-0.73,-0.43
2024-09-04 11:00:43.008142,-0.18,-0.85,-0.55
2024-09-04 11:00:43.901309,-0.18,-0.79,-0.49
2024-09-04 11:00:44.887692,-0.24,-0.79,-0.49
2024-09-04 11:00:46.411632,-0.31,-0.79,-0.49
2024-09-04 11:00:47.001522,-0.24,-0.79,-0.49
2024-09-04 11:00:48.025965,-0.24,-0.79,-0.49
2024-09-04 11:00:49.459178,-0.06,-0.73,-0.43
2024-09-04 11:00:49.901509,-0.18,-0.85,-0.55
2024-09-04 11:00:51.000674,-0.31,-0.85,-0.49
2024-09-04 11:00:51.944390,-0.24,-0.79,-0.49
2024-09-04 11:00:52.913352,-0.24,-0.85,-0.55
2024-09-04 11:00:53.919919,-0.24,-0.79,-0.55
2024-09-04 11:00:54.959718,-0.24,-0.79,-0.49
2024-09-04 11:00:55.925029,-0.24,-0.79,-0.55
2024-09-04 11:00:57.046612,-0.31,-0.79,-0.49
2024-09-04 11:00:58.061817,-0.31,-0.85,-0.49
2024-09-04 11:00:58.981991,-0.24,-0.79,-0.49
2024-09-04 11:00:59.968195,-0.31,-0.85,-0.55
2024-09-04 11:01:00.949274,-0.24,-0.85,-0.49
2024-09-04 11:01:02.054589,-0.31,-0.85,-0.49
2024-09-04 11:01:02.958439,-0.24,-0.79,-0.49
2024-09-04 11:01:03.959339,-0.31,-0.85,-0.55
2024-09-04 11:01:05.337961,-0.18,-0.79,-0.43
2024-09-04 11:01:05.982612,-0.31,-0.85,-0.55
2024-09-04 11:01:07.071737,-0.18,-0.79,-0.49
2024-09-04 11:01:08.197748,-0.18,-0.79,-0.49
2024-09-04 11:01:09.427253,-0.31,-0.85,-0.49
2024-09-04 11:01:10.045332,-0.37,-0.85,-0.55
2024-09-04 11:01:11.066558,-0.24,-0.85,-0.55
2024-09-04 11:01:15.737041,-0.24,-0.85,-0.55
2024-09-04 11:01:17.954254,-0.37,-0.85,-0.49
2024-09-04 11:01:18.209807,-0.18,-0.79,-0.49
2024-09-04 11:01:18.478969,-0.18,-0.73,-0.43
2024-09-04 11:01:18.970048,-0.73,-0.92,-0.61
2024-09-04 11:01:19.248983,-0.12,-0.85,-0.49
2024-09-04 11:01:19.507847,25.88,344.54,-176.94
2024-09-04 11:01:19.757064,61.52,57.5,-120.36
2024-09-04 11:01:20.178827,-90.45,-101.87,24.29
2024-09-04 11:01:21.625638,-96.5,382.81,205.81
2024-09-04 11:01:22.101111,110.66,-333.5,44.74
2024-09-04 11:01:23.206247,2.01,-19.59,-22.22
2024-09-04 11:01:24.078572,-61.52,20.39,20.94
2024-09-04 11:01:25.092040,-271.91,-278.93,458.07
2024-09-04 11:01:26.117655,-137.7,-113.65,66.83
2024-09-04 11:01:27.111846,23.01,-153.5,-46.2
2024-09-04 11:01:28.108014,-38.7,-80.02,-33.26
2024-09-04 11:01:29.200145,1.34,-30.58,-64.15
2024-09-04 11:01:30.132022,-75.74,55.97,76.54
2024-09-04 11:01:31.128720,77.03,-26.25,-38.51
2024-09-04 11:01:32.131594,-0.12,-0.73,-1.04
2024-09-04 11:01:33.192455,0.06,-0.73,-0.73
2024-09-04 11:01:34.312096,1.83,1.4,0.06
2024-09-04 11:01:35.165328,0.12,-1.4,0.49
2024-09-04 11:01:36.190060,-0.67,-1.1,-1.04
2024-09-04 11:01:37.790986,0.85,0.61,-0.67
2024-09-04 11:01:38.203816,-0.06,-0.61,-0.37
2024-09-04 11:01:39.208819,-0.18,-0.61,-0.37
2024-09-04 11:01:40.453852,0.06,-0.61,0.06
2024-09-04 11:01:41.374936,0.43,-0.12,0.0
2024-09-04 11:01:42.501360,-0.24,-0.67,-1.28
2024-09-04 11:01:43.189169,0.79,0.85,-1.28
2024-09-04 11:01:44.447062,-0.49,-1.46,0.49
2024-09-04 11:01:45.282684,-0.79,-1.34,-0.79
2024-09-04 11:01:46.392536,0.0,-0.49,-0.55
2024-09-04 11:01:47.409425,-0.31,-0.79,-0.61
2024-09-04 11:01:50.386082,0.06,-0.55,-0.24
2024-09-04 11:01:50.730248,-0.24,-0.79,-0.31
2024-09-04 11:01:50.987150,-0.31,-0.92,-0.55
2024-09-04 11:01:51.405740,0.0,-0.55,-0.18
2024-09-04 11:01:52.331431,0.24,-0.06,-0.43
2024-09-04 11:01:53.826360,-0.37,-0.85,-0.79
2024-09-04 11:01:54.248087,-0.24,-0.79,-0.55
2024-09-04 11:01:55.304524,-0.49,-1.04,-0.73
2024-09-04 11:01:56.261870,-0.31,-0.85,-0.49
2024-09-04 11:01:57.350701,-0.12,-0.67,-0.24
2024-09-04 11:01:58.274503,0.24,-0.43,-0.12
2024-09-04 11:01:59.500115,-0.73,-1.16,-0.92
2024-09-04 11:02:00.424869,-1.1,-1.46,-1.4
2024-09-04 11:02:01.358860,0.12,-0.55,-0.31
2024-09-04 11:02:02.318207,0.24,-0.37,0.18
2024-09-04 11:02:03.300468,-0.67,-1.16,-0.92
2024-09-04 11:02:04.418966,-0.06,-0.61,-0.37
2024-09-04 11:02:05.438814,0.18,-0.55,-0.12
2024-09-04 11:02:06.358854,-0.43,-1.04,-0.49
2024-09-04 11:02:07.590902,0.73,0.0,0.43
2024-09-04 11:02:08.343569,-0.18,-0.79,-0.24
2024-09-04 11:02:09.894686,-0.79,-1.28,-1.1
2024-09-04 11:02:10.353490,-0.18,-0.73,-0.37
2024-09-04 11:02:11.365102,-0.06,-0.67,-0.18
2024-09-04 11:02:12.710395,-0.18,-0.79,-0.43
2024-09-04 11:02:13.528179,-0.37,-0.92,-0.55
2024-09-04 11:02:14.407936,-0.12,-0.73,-0.43
2024-09-04 11:02:15.376113,-0.06,-0.67,-0.24
2024-09-04 11:02:16.371783,-0.24,-0.79,-0.43
2024-09-04 11:02:17.629818,-0.24,-0.79,-0.55
2024-09-04 11:02:18.386292,-0.24,-0.85,-0.55
2024-09-04 11:02:19.479934,-0.31,-0.79,-0.49
2024-09-04 11:02:20.655604,-0.24,-0.79,-0.55
2024-09-04 11:02:21.407382,-0.24,-0.85,-0.43
2024-09-04 11:02:22.443079,-0.43,-0.98,-0.67
2024-09-04 11:02:23.563579,-0.24,-0.73,-0.43
2024-09-04 11:02:24.487414,-0.24,-0.79,-0.43
2024-09-04 11:02:25.827686,-0.37,-0.92,-0.61
2024-09-04 11:02:26.533149,-0.12,-0.73,-0.43
2024-09-04 11:02:27.453984,-0.24,-0.85,-0.43
2024-09-04 11:02:28.566530,-0.31,-0.85,-0.55
2024-09-04 11:02:29.514484,-0.18,-0.73,-0.37
2024-09-04 11:02:30.940752,-0.24,-0.79,-0.43
2024-09-04 11:02:31.550545,-0.18,-0.79,-0.43
2024-09-04 11:02:32.576865,-0.18,-0.79,-0.37
2024-09-04 11:02:33.469135,-0.37,-0.92,-0.73
2024-09-04 11:02:34.571698,-0.24,-0.79,-0.43
2024-09-04 11:02:35.525934,-0.18,-0.73,-0.43
2024-09-04 11:02:36.487679,-0.24,-0.79,-0.43
2024-09-04 11:02:37.629112,-0.12,-0.73,-0.37
2024-09-04 11:02:38.516429,-0.31,-0.85,-0.49
2024-09-04 11:02:39.640032,-0.31,-0.92,-0.55
2024-09-04 11:02:40.513219,-0.12,-0.67,-0.31
2024-09-04 11:02:42.097149,-0.31,-0.85,-0.55
2024-09-04 11:02:42.536416,-0.24,-0.79,-0.49
2024-09-04 11:02:43.531024,-0.24,-0.79,-0.49
2024-09-04 11:02:44.762844,-0.31,-0.85,-0.49
2024-09-04 11:02:45.536460,-0.18,-0.73,-0.49
2024-09-04 11:02:46.552362,-0.31,-0.85,-0.49
2024-09-04 11:02:47.579375,-0.24,-0.79,-0.49
2024-09-04 11:02:48.568576,-0.24,-0.79,-0.43
2024-09-04 11:02:49.780410,-0.24,-0.79,-0.43
2024-09-04 11:02:50.561045,-0.24,-0.79,-0.49
2024-09-04 11:02:51.591360,-0.24,-0.85,-0.49
2024-09-04 11:02:52.719066,-0.18,-0.79,-0.43
2024-09-04 11:02:53.580739,-0.18,-0.79,-0.43
2024-09-04 11:02:54.590847,-0.12,-0.67,-0.37
2024-09-04 11:02:55.717988,-0.37,-0.85,-0.61
2024-09-04 11:02:56.584901,-0.12,-0.73,-0.31
2024-09-04 11:02:58.173681,-0.24,-0.79,-0.49
2024-09-04 11:02:58.713761,-0.37,-0.85,-0.61
2024-09-04 11:02:59.709648,-0.18,-0.73,-0.49
2024-09-04 11:03:00.647007,-0.31,-0.79,-0.55
2024-09-04 11:03:01.866557,-0.24,-0.85,-0.49
2024-09-04 11:03:02.649703,-0.24,-0.79,-0.55
2024-09-04 11:03:03.804971,-0.24,-0.79,-0.43
2024-09-04 11:03:04.656922,-0.31,-0.85,-0.49
2024-09-04 11:03:05.674187,-0.24,-0.79,-0.43
2024-09-04 11:03:06.701546,-0.37,-0.85,-0.49
2024-09-04 11:03:07.862696,-0.24,-0.85,-0.49
2024-09-04 11:03:08.925373,-0.18,-0.73,-0.43
2024-09-04 11:03:09.847050,-0.24,-0.79,-0.49
2024-09-04 11:03:10.768596,-0.24,-0.73,-0.43
2024-09-04 11:03:11.896038,-0.37,-0.85,-0.61
2024-09-04 11:03:12.740120,-0.31,-0.85,-0.49
2024-09-04 11:03:14.355686,-0.06,-0.67,-0.31
2024-09-04 11:03:14.800770,-0.31,-0.85,-0.49
2024-09-04 11:03:15.786381,-0.31,-0.79,-0.55
2024-09-04 11:03:16.723894,-0.31,-0.85,-0.49
2024-09-04 11:03:17.834118,-0.18,-0.73,-0.37
2024-09-04 11:03:18.755698,-0.49,-0.98,-0.67
2024-09-04 11:03:19.731430,-0.18,-0.73,-0.49
2024-09-04 11:03:20.907492,-0.31,-0.85,-0.43
2024-09-04 11:03:21.827961,-0.31,-0.85,-0.55
2024-09-04 11:03:22.791342,-0.37,-0.85,-0.61
2024-09-04 11:03:23.773217,-0.12,-0.73,-0.37
2024-09-04 11:03:24.899663,-0.31,-0.85,-0.55
2024-09-04 11:03:25.823903,-0.37,-0.85,-0.61
2024-09-04 11:03:26.762362,-0.24,-0.79,-0.43
2024-09-04 11:03:27.792955,-0.18,-0.79,-0.37
2024-09-04 11:03:28.997045,-0.12,-0.73,-0.43
2024-09-04 11:03:30.327707,-0.31,-0.85,-0.49
2024-09-04 11:03:30.817313,-0.18,-0.73,-0.37
2024-09-04 11:03:31.820355,-0.37,-0.85,-0.55
2024-09-04 11:03:32.822357,-0.18,-0.73,-0.43
2024-09-04 11:03:33.822801,-0.24,-0.79,-0.43
2024-09-04 11:03:34.938079,-0.18,-0.79,-0.43
2024-09-04 11:03:35.838768,-0.24,-0.79,-0.43
2024-09-04 11:03:36.891785,-0.24,-0.79,-0.43
2024-09-04 11:03:38.008061,-0.18,-0.79,-0.49
2024-09-04 11:03:38.928753,-0.43,-0.98,-0.67
2024-09-04 11:03:39.843454,-0.18,-0.73,-0.43
2024-09-04 11:03:41.180893,-0.12,-0.73,-0.31
2024-09-04 11:03:41.921122,-0.37,-0.92,-0.61
2024-09-04 11:03:42.886873,-0.31,-0.85,-0.55
2024-09-04 11:03:43.899536,-0.24,-0.79,-0.43
2024-09-04 11:03:45.277547,-0.31,-0.79,-0.55
2024-09-04 11:03:46.406957,-0.24,-0.79,-0.49
2024-09-04 11:03:46.899393,-0.18,-0.79,-0.43
2024-09-04 11:03:48.056042,-0.18,-0.73,-0.43
2024-09-04 11:03:49.065388,-0.18,-0.73,-0.43
2024-09-04 11:03:49.988857,-0.31,-0.85,-0.49
2024-09-04 11:03:51.135241,-0.18,-0.79,-0.43
2024-09-04 11:03:52.036648,-0.24,-0.79,-0.49
2024-09-04 11:03:53.060844,-0.31,-0.79,-0.49
2024-09-04 11:03:53.914714,-0.18,-0.79,-0.43
2024-09-04 11:03:54.912059,-0.24,-0.79,-0.49
2024-09-04 11:03:55.935371,-0.24,-0.73,-0.43
2024-09-04 11:03:57.056950,-0.24,-0.79,-0.49
2024-09-04 11:03:58.180438,-0.24,-0.79,-0.49
2024-09-04 11:03:59.100556,-0.24,-0.79,-0.49
2024-09-04 11:04:00.022070,-0.12,-0.73,-0.37
2024-09-04 11:04:00.956622,-0.31,-0.85,-0.55
2024-09-04 11:04:02.726129,-0.31,-0.79,-0.49
2024-09-04 11:04:03.212648,-0.18,-0.73,-0.49
2024-09-04 11:04:04.118218,-0.24,-0.79,-0.55
2024-09-04 11:04:05.150656,-0.24,-0.79,-0.49
2024-09-04 11:04:06.166013,-0.31,-0.85,-0.61
2024-09-04 11:04:07.089302,-0.24,-0.79,-0.43
2024-09-04 11:04:08.008681,-0.24,-0.79,-0.49
2024-09-04 11:04:09.237952,-0.31,-0.79,-0.49
2024-09-04 11:04:10.159496,-0.37,-0.92,-0.55
2024-09-04 11:04:11.081400,-0.24,-0.79,-0.43
2024-09-04 11:04:12.045135,-0.24,-0.79,-0.43
2024-09-04 11:04:13.019979,-0.31,-0.79,-0.49
2024-09-04 11:04:14.087068,-0.24,-0.85,-0.49
2024-09-04 11:04:15.051106,-0.24,-0.85,-0.49
2024-09-04 11:04:16.100022,-0.37,-0.98,-0.61
2024-09-04 11:04:17.134931,-0.24,-0.85,-0.55
2024-09-04 11:04:18.661703,-0.24,-0.79,-0.43
2024-09-04 11:04:19.273379,-0.31,-0.79,-0.43
2024-09-04 11:04:20.067611,-0.24,-0.79,-0.55
2024-09-04 11:04:21.218559,-0.18,-0.79,-0.43
2024-09-04 11:04:22.095514,-0.37,-0.92,-0.61
2024-09-04 11:04:23.071643,-0.24,-0.79,-0.55
2024-09-04 11:04:24.187973,-0.31,-0.79,-0.49
2024-09-04 11:04:25.212398,-0.18,-0.79,-0.43
2024-09-04 11:04:26.338551,-0.31,-0.85,-0.49
2024-09-04 11:04:27.260083,-0.18,-0.73,-0.43
2024-09-04 11:04:28.181465,-0.12,-0.73,-0.37
2024-09-04 11:04:29.205353,-0.24,-0.79,-0.49
2024-09-04 11:04:30.409228,-0.24,-0.79,-0.49
2024-09-04 11:04:31.253831,-0.12,-0.61,-0.24
2024-09-04 11:04:32.149306,-0.24,-0.73,-0.43
2024-09-04 11:04:33.301589,-0.18,-0.73,-0.49
2024-09-04 11:04:35.451934,-0.37,-0.85,-0.55
2024-09-04 11:04:35.766523,-0.24,-0.73,-0.43
2024-09-04 11:04:36.412348,-0.37,-0.85,-0.61
2024-09-04 11:04:37.397534,-0.37,-0.85,-0.55
2024-09-04 11:04:38.156093,-0.31,-0.85,-0.55
2024-09-04 11:04:39.175025,-0.24,-0.85,-0.49
2024-09-04 11:04:40.366877,-0.31,-0.79,-0.49
2024-09-04 11:04:41.390761,-0.24,-0.79,-0.49
2024-09-04 11:04:42.183393,-0.18,-0.73,-0.37
2024-09-04 11:04:43.337564,-0.37,-0.85,-0.55
2024-09-04 11:04:44.360406,-0.06,-0.67,-0.37
2024-09-04 11:04:45.589319,-0.18,-0.73,-0.31
2024-09-04 11:04:46.224037,-0.24,-0.79,-0.49
2024-09-04 11:04:47.228832,-0.37,-0.92,-0.61
2024-09-04 11:04:48.243841,-0.43,-0.92,-0.49
2024-09-04 11:04:49.283529,-0.06,-0.73,-0.31
2024-09-04 11:04:50.913829,0.0,-0.61,-0.24
2024-09-04 11:04:51.227295,-0.12,-0.67,-0.31
2024-09-04 11:04:52.243681,-0.12,-0.67,-0.31
2024-09-04 11:04:53.257366,-0.24,-0.79,-0.79
2024-09-04 11:04:54.307461,-0.73,-1.22,-1.04
2024-09-04 11:04:55.419596,0.0,-0.61,-0.31
2024-09-04 11:04:56.256744,-0.18,-0.73,-0.31
2024-09-04 11:04:57.571326,-0.24,-0.73,-0.49
2024-09-04 11:04:58.277151,-0.24,-0.79,-0.49
2024-09-04 11:04:59.374133,-0.31,-0.85,-0.49
2024-09-04 11:05:00.336880,-0.18,-0.73,-0.43
2024-09-04 11:05:01.358411,-0.18,-0.73,-0.37
2024-09-04 11:05:02.335841,-0.24,-0.79,-0.49
2024-09-04 11:05:03.307692,-0.37,-0.92,-0.61
2024-09-04 11:05:04.533802,-0.31,-0.85,-0.61
2024-09-04 11:05:05.558795,-0.24,-0.85,-0.49
2024-09-04 11:05:07.092892,-0.12,-0.67,-0.37
2024-09-04 11:05:07.400565,-0.31,-0.85,-0.55
2024-09-04 11:05:08.325057,-0.31,-0.79,-0.61
2024-09-04 11:05:09.505121,-0.18,-0.79,-0.43
2024-09-04 11:05:10.410600,-0.06,-0.73,-0.43
2024-09-04 11:05:11.598296,-0.18,-0.79,-0.37
2024-09-04 11:05:12.357709,-0.12,-0.73,-0.31
2024-09-04 11:05:13.353616,-0.24,-0.79,-0.43
2024-09-04 11:05:14.466935,-0.12,-0.73,-0.43
2024-09-04 11:05:15.370441,-0.24,-0.79,-0.43
2024-09-04 11:05:16.513825,-0.24,-0.79,-0.43
2024-09-04 11:05:17.537561,-0.18,-0.73,-0.37
2024-09-04 11:05:18.409453,-0.31,-0.79,-0.49
2024-09-04 11:05:19.431186,-0.24,-0.79,-0.55
2024-09-04 11:05:20.410931,-0.24,-0.79,-0.49
2024-09-04 11:05:21.530972,-0.31,-0.85,-0.55
2024-09-04 11:05:22.778571,-0.18,-0.73,-0.37
2024-09-04 11:05:23.579043,-0.12,-0.73,-0.43
2024-09-04 11:05:24.500561,-0.24,-0.79,-0.49
2024-09-04 11:05:25.626904,-0.24,-0.79,-0.49
2024-09-04 11:05:26.439536,-0.24,-0.79,-0.43
2024-09-04 11:05:27.572539,-0.18,-0.79,-0.49
2024-09-04 11:05:28.471293,-0.24,-0.79,-0.49
2024-09-04 11:05:29.518028,-0.37,-0.92,-0.55
2024-09-04 11:05:30.681584,-0.12,-0.73,-0.37
2024-09-04 11:05:31.437277,-0.24,-0.79,-0.49
2024-09-04 11:05:32.489886,-0.18,-0.79,-0.43
2024-09-04 11:05:33.604392,-0.18,-0.73,-0.37
2024-09-04 11:05:34.480890,-0.24,-0.79,-0.49
2024-09-04 11:05:35.521540,-0.24,-0.73,-0.43
2024-09-04 11:05:36.791841,-0.24,-0.79,-0.49
2024-09-04 11:05:37.476243,-0.31,-0.85,-0.55
2024-09-04 11:05:38.845970,-0.24,-0.79,-0.49
2024-09-04 11:05:39.555283,-0.24,-0.79,-0.49
2024-09-04 11:05:40.679402,-0.24,-0.85,-0.55
2024-09-04 11:05:41.703368,-0.18,-0.79,-0.49
2024-09-04 11:05:42.510988,-0.18,-0.73,-0.43
2024-09-04 11:05:43.530060,-0.37,-0.92,-0.55
2024-09-04 11:05:44.675931,-0.24,-0.79,-0.49
2024-09-04 11:05:45.698720,-0.12,-0.73,-0.37
2024-09-04 11:05:46.722401,-0.31,-0.85,-0.55
2024-09-04 11:05:47.551381,-0.24,-0.79,-0.49
2024-09-04 11:05:48.665906,-0.24,-0.85,-0.49
2024-09-04 11:05:49.690677,-0.12,-0.67,-0.31
2024-09-04 11:05:50.819008,-0.24,-0.79,-0.49
2024-09-04 11:05:51.571155,-0.24,-0.79,-0.43
2024-09-04 11:05:52.665770,-0.12,-0.67,-0.31
2024-09-04 11:05:53.568390,-0.37,-0.85,-0.61
2024-09-04 11:05:55.047315,-0.24,-0.85,-0.55
2024-09-04 11:05:55.600771,-0.31,-0.85,-0.49
2024-09-04 11:05:56.860137,-0.06,-0.67,-0.37
2024-09-04 11:05:57.780115,-0.43,-0.98,-0.73
2024-09-04 11:05:58.805628,-0.18,-0.73,-0.43
2024-09-04 11:05:59.828266,-0.24,-0.73,-0.37
2024-09-04 11:06:00.749589,-0.12,-0.61,-0.37
2024-09-04 11:06:01.814484,-0.31,-0.85,-0.55
2024-09-04 11:06:02.765989,-0.37,-0.98,-0.61
2024-09-04 11:06:03.719193,-0.85,-1.28,-1.1
2024-09-04 11:06:04.743188,-0.12,-0.73,-0.43
2024-09-04 11:06:05.773200,-0.12,-0.67,-0.37
2024-09-04 11:06:06.792274,-0.31,-0.85,-0.49
2024-09-04 11:06:07.670284,-0.31,-0.79,-0.49
2024-09-04 11:06:08.736709,-0.18,-0.73,-0.37
2024-09-04 11:06:09.957130,-0.24,-0.79,-0.49
2024-09-04 11:06:11.501156,-0.24,-0.79,-0.49
2024-09-04 11:06:11.768131,-0.31,-0.85,-0.49
2024-09-04 11:06:12.775627,-0.37,-0.92,-0.67
2024-09-04 11:06:13.688076,-0.31,-0.79,-0.49
2024-09-04 11:06:14.778130,-0.24,-0.79,-0.37
2024-09-04 11:06:15.706463,-0.12,-0.67,-0.37
2024-09-04 11:06:16.826717,-0.43,-0.98,-0.61
2024-09-04 11:06:17.850598,-0.31,-0.85,-0.61
2024-09-04 11:06:18.775835,-0.24,-0.79,-0.37
2024-09-04 11:06:19.720302,-0.12,-0.67,-0.37
2024-09-04 11:06:20.819447,-0.55,-1.04,-0.79
2024-09-04 11:06:21.764649,0.06,-0.49,-0.18
2024-09-04 11:06:22.867869,-0.18,-0.73,-0.37
2024-09-04 11:06:23.828367,-0.43,-0.92,-0.61
2024-09-04 11:06:25.120609,-0.12,-0.67,-0.37
2024-09-04 11:06:25.939998,-0.12,-0.73,-0.31
2024-09-04 11:06:27.577907,-0.31,-0.85,-0.55
2024-09-04 11:06:27.914408,-0.18,-0.79,-0.37
2024-09-04 11:06:28.909467,-0.31,-0.79,-0.61
2024-09-04 11:06:29.786429,-0.24,-0.79,-0.55
2024-09-04 11:06:30.776775,0.0,-0.67,-0.18
2024-09-04 11:06:31.878669,-0.31,-0.85,-0.55
2024-09-04 11:06:32.906166,-0.43,-0.98,-0.67
2024-09-04 11:06:34.029376,-0.12,-0.67,-0.31
2024-09-04 11:06:34.962039,-0.18,-0.73,-0.37
2024-09-04 11:06:35.810054,-0.31,-0.85,-0.55
2024-09-04 11:06:36.998993,-0.43,-0.92,-0.67
2024-09-04 11:06:38.022878,-0.24,-0.79,-0.43
2024-09-04 11:06:38.884017,-0.43,-0.92,-0.67
2024-09-04 11:06:39.827962,-0.24,-0.85,-0.49
2024-09-04 11:06:40.858524,-0.24,-0.79,-0.43
2024-09-04 11:06:41.963725,-0.24,-0.79,-0.49
2024-09-04 11:06:43.490398,-0.31,-0.85,-0.55
2024-09-04 11:06:43.868498,-0.31,-0.85,-0.61
2024-09-04 11:06:44.863719,-0.31,-0.79,-0.49
2024-09-04 11:06:46.010064,-0.61,-1.1,-0.79
2024-09-04 11:06:47.138150,0.06,-0.49,-0.31
2024-09-04 11:06:47.875540,-0.12,-0.67,-0.24
2024-09-04 11:06:49.190672,-0.55,-1.04,-0.73
2024-09-04 11:06:49.903501,-0.06,-0.61,-0.37
2024-09-04 11:06:50.963279,-0.24,-0.79,-0.37
2024-09-04 11:06:51.901736,-0.37,-0.85,-0.73
2024-09-04 11:06:52.947676,0.0,-0.67,-0.24
2024-09-04 11:06:53.899291,-0.31,-0.79,-0.49
2024-09-04 11:06:55.043259,-0.31,-0.85,-0.55
2024-09-04 11:06:55.938354,-0.18,-0.79,-0.37
2024-09-04 11:06:57.069115,-0.18,-0.73,-0.37
2024-09-04 11:06:58.094029,-0.37,-0.92,-0.55
2024-09-04 11:06:59.526344,-0.31,-0.85,-0.61
2024-09-04 11:07:00.084200,-0.24,-0.79,-0.43
2024-09-04 11:07:00.968662,-0.37,-0.92,-0.55
2024-09-04 11:07:01.983768,-0.31,-0.85,-0.55
2024-09-04 11:07:02.995925,-0.61,-1.04,-0.79
2024-09-04 11:07:03.991578,0.24,-0.49,-0.06
2024-09-04 11:07:05.158077,-0.18,-0.73,-0.37
2024-09-04 11:07:06.182578,-0.49,-0.98,-0.79
2024-09-04 11:07:07.206022,-0.31,-0.85,-0.55
2024-09-04 11:07:08.127616,-0.18,-0.73,-0.43
2024-09-04 11:07:09.151901,-0.43,-0.92,-0.61
2024-09-04 11:07:10.175652,-0.85,-1.34,-1.22
2024-09-04 11:07:11.200622,0.49,-0.24,0.31
2024-09-04 11:07:12.019948,0.18,-0.49,0.18
2024-09-04 11:07:13.026207,-0.43,-0.92,-0.73
2024-09-04 11:07:14.050992,-0.67,-1.16,-0.98
2024-09-04 11:07:15.406806,0.0,-0.61,-0.24
2024-09-04 11:07:16.217163,-0.31,-0.85,-0.43
2024-09-04 11:07:17.241155,-0.37,-0.85,-0.61
2024-09-04 11:07:18.163086,-0.31,-0.85,-0.61
2024-09-04 11:07:19.289049,-0.49,-1.04,-0.73
2024-09-04 11:07:20.210681,0.06,-0.49,-0.12
2024-09-04 11:07:21.336958,-0.55,-1.04,-0.85
2024-09-04 11:07:22.159877,-0.18,-0.73,-0.55
2024-09-04 11:07:23.117686,-0.49,-0.98,-0.67
2024-09-04 11:07:24.306566,-0.12,-0.73,-0.43
2024-09-04 11:07:25.236880,-0.12,-0.73,-0.31
2024-09-04 11:07:26.084383,-0.61,-1.1,-0.79
2024-09-04 11:07:27.285221,-0.31,-0.85,-0.61
2024-09-04 11:07:28.105581,-0.18,-0.79,-0.31
2024-09-04 11:07:29.221508,-0.18,-0.73,-0.43
2024-09-04 11:07:30.347951,-0.31,-0.85,-0.55
2024-09-04 11:07:31.679075,-0.49,-1.04,-0.67
2024-09-04 11:07:32.192581,-0.18,-0.73,-0.43
2024-09-04 11:07:33.216818,-0.24,-0.73,-0.37
2024-09-04 11:07:34.343888,-0.37,-0.92,-0.67
2024-09-04 11:07:35.264560,-0.31,-0.92,-0.55
2024-09-04 11:07:36.184990,-0.18,-0.79,-0.43
2024-09-04 11:07:37.313427,-0.24,-0.79,-0.49
2024-09-04 11:07:38.159058,-0.24,-0.79,-0.37
2024-09-04 11:07:39.299083,-0.24,-0.85,-0.55
2024-09-04 11:07:40.264469,-0.31,-0.79,-0.49
2024-09-04 11:07:41.344641,-0.24,-0.79,-0.49
2024-09-04 11:07:42.177983,-0.31,-0.92,-0.55
2024-09-04 11:07:43.250584,-0.37,-0.85,-0.61
2024-09-04 11:07:44.179445,-0.37,-0.92,-0.55
2024-09-04 11:07:45.198793,-0.18,-0.73,-0.43
2024-09-04 11:07:46.322156,-0.37,-0.92,-0.61
2024-09-04 11:07:47.858079,-0.24,-0.79,-0.49
2024-09-04 11:07:48.371643,-0.24,-0.79,-0.49
2024-09-04 11:07:49.394942,-0.24,-0.79,-0.43
2024-09-04 11:07:50.315679,-0.24,-0.85,-0.49
2024-09-04 11:07:51.219261,-0.31,-0.79,-0.49
2024-09-04 11:07:52.270835,-0.18,-0.79,-0.37
2024-09-04 11:07:53.411196,-0.37,-0.92,-0.61
2024-09-04 11:07:54.310371,-0.31,-0.85,-0.61
2024-09-04 11:07:55.317651,-0.12,-0.67,-0.31
2024-09-04 11:07:56.358306,-0.18,-0.73,-0.37
2024-09-04 11:07:57.383394,-0.31,-0.85,-0.55
2024-09-04 11:07:58.407644,-0.31,-0.85,-0.55
2024-09-04 11:07:59.293475,-0.18,-0.73,-0.37
2024-09-04 11:08:00.350527,-0.24,-0.85,-0.49
2024-09-04 11:08:01.283210,-0.24,-0.79,-0.49
2024-09-04 11:08:02.305190,-0.24,-0.79,-0.49
2024-09-04 11:08:03.745519,-0.24,-0.79,-0.43
2024-09-04 11:08:04.414129,-0.24,-0.79,-0.49
2024-09-04 11:08:05.470556,-0.24,-0.79,-0.55
2024-09-04 11:08:06.337066,-0.06,-0.61,-0.31
2024-09-04 11:08:07.403395,-0.31,-0.85,-0.49
2024-09-04 11:08:08.440042,-0.31,-0.85,-0.61
2024-09-04 11:08:09.566477,-0.12,-0.67,-0.31
2024-09-04 11:08:10.487859,-0.12,-0.73,-0.37
2024-09-04 11:08:11.411038,-0.37,-0.85,-0.55
2024-09-04 11:08:12.338848,-0.31,-0.85,-0.55
2024-09-04 11:08:13.358455,-0.12,-0.67,-0.37
2024-09-04 11:08:14.371978,-0.18,-0.79,-0.43
2024-09-04 11:08:15.609073,-0.24,-0.79,-0.43
2024-09-04 11:08:16.529664,-0.31,-0.85,-0.49
2024-09-04 11:08:17.557614,-0.24,-0.79,-0.55
2024-09-04 11:08:18.409758,-0.24,-0.79,-0.49
2024-09-04 11:08:20.113837,-0.18,-0.73,-0.43
2024-09-04 11:08:20.447180,-0.24,-0.73,-0.43
2024-09-04 11:08:21.547750,-0.18,-0.79,-0.55
2024-09-04 11:08:22.417786,-0.24,-0.79,-0.49
2024-09-04 11:08:23.521347,-0.24,-0.85,-0.49
2024-09-04 11:08:24.619017,-0.18,-0.73,-0.37
2024-09-04 11:08:25.441911,-0.24,-0.85,-0.43
2024-09-04 11:08:26.769201,-0.31,-0.79,-0.55
2024-09-04 11:08:27.454310,-0.06,-0.67,-0.31
2024-09-04 11:08:28.511967,-0.24,-0.85,-0.49
2024-09-04 11:08:29.448677,-0.31,-0.79,-0.61
2024-09-04 11:08:30.456363,-0.24,-0.79,-0.49
2024-09-04 11:08:31.684716,-0.24,-0.79,-0.43
2024-09-04 11:08:32.460573,-0.24,-0.79,-0.43
2024-09-04 11:08:33.530221,-0.31,-0.85,-0.55
2024-09-04 11:08:34.656816,-0.06,-0.67,-0.31
2024-09-04 11:08:36.087675,-0.24,-0.79,-0.49
2024-09-04 11:08:36.512677,-0.18,-0.73,-0.43
2024-09-04 11:08:37.828895,-0.31,-0.85,-0.49
2024-09-04 11:08:38.649329,-0.31,-0.79,-0.61
2024-09-04 11:08:39.569136,-0.18,-0.73,-0.43
2024-09-04 11:08:40.519508,-0.24,-0.73,-0.37
2024-09-04 11:08:42.069202,-0.12,-0.73,-0.37
2024-09-04 11:08:43.119488,-0.24,-0.79,-0.43
2024-09-04 11:08:44.177774,-0.31,-0.79,-0.55
2024-09-04 11:08:44.535052,-0.37,-0.92,-0.55
2024-09-04 11:08:46.371480,-0.24,-0.79,-0.49
2024-09-04 11:08:46.688008,-0.49,-1.04,-0.73
2024-09-04 11:08:47.992332,-0.55,-1.04,-0.79
2024-09-04 11:08:55.046093,-0.06,-0.61,-0.24
2024-09-04 11:08:55.299411,-0.43,-0.92,-0.61
2024-09-04 11:08:55.549444,-0.37,-0.92,-0.61
2024-09-04 11:08:55.824123,-0.37,-0.85,-0.55
2024-09-04 11:08:56.365064,-0.24,-0.79,-0.43
2024-09-04 11:08:56.639206,-0.37,-0.92,-0.61
2024-09-04 11:08:56.977353,-0.18,-0.73,-0.43
2024-09-04 11:08:57.304689,-0.24,-0.79,-0.49
2024-09-04 11:08:57.706218,-0.37,-0.85,-0.49
2024-09-04 11:08:58.109413,-0.31,-0.85,-0.55
2024-09-04 11:08:58.720660,-0.24,-0.79,-0.49
2024-09-04 11:08:59.742668,-0.24,-0.85,-0.49
2024-09-04 11:09:00.663261,-0.31,-0.92,-0.49
2024-09-04 11:09:01.676922,0.0,-0.61,-0.24
2024-09-04 11:09:02.679980,-0.43,-0.98,-0.55
2024-09-04 11:09:03.735508,-0.12,-0.67,-0.37
2024-09-04 11:09:04.759212,-0.24,-0.79,-0.43
2024-09-04 11:09:05.798523,-0.31,-0.85,-0.61
2024-09-04 11:09:06.806975,-0.31,-0.85,-0.49
2024-09-04 11:09:07.728455,0.0,-0.55,-0.31
2024-09-04 11:09:08.659205,-0.43,-0.98,-0.49
2024-09-04 11:09:09.776590,0.06,-0.49,-0.24
2024-09-04 11:09:11.107821,-0.31,-0.79,-0.49
2024-09-04 11:09:11.876318,-0.43,-0.98,-0.67
2024-09-04 11:09:12.770249,-0.12,-0.67,-0.24
2024-09-04 11:09:13.770375,-0.24,-0.79,-0.37
2024-09-04 11:09:14.729064,-0.31,-0.79,-0.55
2024-09-04 11:09:15.923591,-0.31,-0.85,-0.55
2024-09-04 11:09:16.843490,-0.31,-0.79,-0.49
2024-09-04 11:09:17.762675,-0.24,-0.79,-0.43
2024-09-04 11:09:18.788400,0.06,-0.55,-0.18
2024-09-04 11:09:20.017857,-0.43,-0.98,-0.49
2024-09-04 11:09:20.838431,-0.06,-0.67,-0.37
2024-09-04 11:09:21.766247,-0.12,-0.73,-0.24
2024-09-04 11:09:22.784057,-0.12,-0.73,-0.43
2024-09-04 11:09:23.907542,-0.79,-1.16,-1.04
2024-09-04 11:09:24.747015,-0.24,-0.79,-0.43
2024-09-04 11:09:25.737638,0.31,-0.43,0.0
2024-09-04 11:09:27.324327,-0.43,-0.98,-0.61
2024-09-04 11:09:27.761823,-0.12,-0.67,-0.31
2024-09-04 11:09:28.823259,-0.12,-0.67,-0.31
2024-09-04 11:09:29.950826,-0.18,-0.79,-0.31
2024-09-04 11:09:30.974682,-0.18,-0.73,-0.43
2024-09-04 11:09:31.780001,-0.49,-0.98,-0.61
2024-09-04 11:09:32.822982,-0.18,-0.73,-0.37
2024-09-04 11:09:34.147303,-0.18,-0.73,-0.37
2024-09-04 11:09:34.785586,-0.79,-1.22,-0.98
2024-09-04 11:09:35.889810,-0.12,-0.61,-0.49
2024-09-04 11:09:36.805271,-0.12,-0.73,-0.31
2024-09-04 11:09:38.143594,-0.73,-1.16,-1.04
2024-09-04 11:09:38.959842,-0.55,-1.04,-0.73
2024-09-04 11:09:40.086960,-0.43,-0.92,-0.55
2024-09-04 11:09:41.008032,-0.31,-0.92,-0.55
2024-09-04 11:09:41.939673,-0.12,-0.73,-0.31
2024-09-04 11:09:43.200533,0.24,-0.43,0.0
2024-09-04 11:09:43.836831,0.06,-0.55,-0.12
2024-09-04 11:09:44.945515,-0.37,-0.85,-0.73
2024-09-04 11:09:46.127924,-0.31,-0.92,-0.49
2024-09-04 11:09:52.537284,0.0,-0.61,-0.12
2024-09-04 11:09:52.937941,-0.18,-0.67,-0.37
2024-09-04 11:09:53.296024,-0.61,-0.92,-1.16
2024-09-04 11:09:53.551242,-0.49,-1.04,-0.73
2024-09-04 11:09:53.840206,0.12,-0.55,-0.12
2024-09-04 11:09:54.136257,-1.28,-1.65,-1.59
2024-09-04 11:09:54.529059,-0.79,-1.22,-1.16
2024-09-04 11:09:54.936694,0.67,-0.06,0.55
2024-09-04 11:09:55.201483,-0.92,-1.34,-1.16
2024-09-04 11:09:55.936430,-0.67,-1.04,-0.92
2024-09-04 11:09:56.984263,-0.12,-0.67,-0.31
2024-09-04 11:09:58.109422,-0.18,-0.79,-0.37
2024-09-04 11:09:59.358451,-0.37,-0.85,-0.61
2024-09-04 11:09:59.918914,-0.06,-0.67,-0.24
2024-09-04 11:10:00.937959,-0.18,-0.73,-0.37
2024-09-04 11:10:02.204786,-0.43,-0.98,-0.67
2024-09-04 11:10:02.948863,-0.24,-0.79,-0.43
2024-09-04 11:10:04.000226,-0.24,-0.79,-0.49
2024-09-04 11:10:04.960172,-0.18,-0.79,-0.43
2024-09-04 11:10:06.015994,-0.24,-0.79,-0.55
2024-09-04 11:10:07.337870,-0.61,-1.04,-0.73
2024-09-04 11:10:07.991576,-0.18,-0.79,-0.49
2024-09-04 11:10:09.167361,-15.62,-0.67,-0.31
2024-09-04 11:10:09.979095,-0.31,-0.85,-0.55
2024-09-04 11:10:11.318850,-0.31,-0.85,-0.55
2024-09-04 11:10:12.010608,-0.24,-0.79,-0.43
2024-09-04 11:10:13.009544,-0.12,-0.67,-0.31
2024-09-04 11:10:14.091924,-0.24,-0.79,-0.43
2024-09-04 11:10:15.618456,-0.12,-0.73,-0.37
2024-09-04 11:10:16.031364,-0.43,-0.98,-0.73
2024-09-04 11:10:17.257162,-0.49,-0.92,-0.67
2024-09-04 11:10:18.178491,0.18,-0.37,0.06
2024-09-04 11:10:19.105971,-0.31,-0.92,-0.49
2024-09-04 11:10:20.124901,-0.43,-0.98,-0.73
2024-09-04 11:10:21.149763,-0.12,-0.67,-0.31
2024-09-04 11:10:22.063005,-0.31,-0.85,-0.55
2024-09-04 11:10:24.601925,-0.24,-0.79,-0.49
2024-09-04 11:10:25.975351,-0.24,-0.79,-0.43
2024-09-04 11:10:26.227564,-0.37,-0.92,-0.61
2024-09-04 11:10:26.780832,-0.12,-0.67,-0.37
2024-09-04 11:10:27.124749,-0.43,-0.92,-0.61
2024-09-04 11:10:28.111118,-0.37,-0.85,-0.61
2024-09-04 11:10:29.116393,-0.31,-0.85,-0.43
2024-09-04 11:10:30.104870,-0.24,-0.79,-0.49
2024-09-04 11:10:31.900009,-0.31,-0.85,-0.55
2024-09-04 11:10:32.239797,-0.31,-0.85,-0.55
2024-09-04 11:10:33.104956,-0.31,-0.85,-0.55
2024-09-04 11:10:34.358154,-0.37,-0.92,-0.55
2024-09-04 11:10:35.206753,-0.12,-0.73,-0.31
2024-09-04 11:10:36.115604,-0.37,-0.92,-0.61
2024-09-04 11:10:37.120891,-0.37,-0.85,-0.67
2024-09-04 11:10:38.141403,-0.43,-0.98,-0.67
2024-09-04 11:10:39.272928,-0.24,-0.79,-0.49
2024-09-04 11:10:40.279249,-0.24,-0.85,-0.49
2024-09-04 11:10:41.349624,-0.12,-0.67,-0.37
2024-09-04 11:10:42.146960,-0.31,-0.85,-0.49
2024-09-04 11:10:43.203307,-0.37,-0.92,-0.61
2024-09-04 11:10:44.399016,0.06,-0.55,-0.06
2024-09-04 11:10:45.317710,-0.49,-0.98,-0.61
2024-09-04 11:10:46.304059,-0.37,-0.92,-0.67
2024-09-04 11:10:47.979193,-0.18,-0.79,-0.37
2024-09-04 11:10:48.391852,-0.24,-0.85,-0.43
2024-09-04 11:10:49.310572,-0.43,-0.98,-0.61
2024-09-04 11:10:50.483718,-0.18,-0.73,-0.43
2024-09-04 11:10:51.260406,-0.31,-0.85,-0.55
2024-09-04 11:10:52.383484,-0.31,-0.85,-0.49
2024-09-04 11:10:53.311065,-0.18,-0.73,-0.43
2024-09-04 11:10:54.250174,-0.24,-0.85,-0.49
2024-09-04 11:10:55.229829,-0.37,-0.85,-0.61
2024-09-04 11:10:56.479840,-0.06,-0.61,-0.24
2024-09-04 11:10:57.283959,-0.24,-0.85,-0.49
2024-09-04 11:10:58.244973,-0.67,-1.16,-0.85
2024-09-04 11:10:59.412055,0.06,-0.61,-0.31
2024-09-04 11:11:00.323904,0.0,-0.67,-0.12
2024-09-04 11:11:01.283792,-0.31,-0.85,-0.49
2024-09-04 11:11:02.423579,-0.18,-0.73,-0.43
2024-09-04 11:11:03.667040,0.06,-0.55,-0.18
2024-09-04 11:11:04.364911,-0.43,-0.92,-0.73
2024-09-04 11:11:05.358536,-0.31,-0.85,-0.43
2024-09-04 11:11:06.713522,-0.06,-0.61,-0.18
2024-09-04 11:11:07.540253,-0.37,-0.92,-0.61
2024-09-04 11:11:08.580969,-0.43,-0.98,-0.73
2024-09-04 11:11:09.487868,-0.43,-0.92,-0.61
2024-09-04 11:11:10.424915,0.06,-0.55,-0.12
2024-09-04 11:11:11.342267,-0.31,-0.92,-0.49
2024-09-04 11:11:12.557432,-0.67,-1.1,-0.92
2024-09-04 11:11:13.479153,-0.12,-0.73,-0.31
2024-09-04 11:11:14.503511,-0.06,-0.61,-0.24
2024-09-04 11:11:15.426647,-0.31,-0.92,-0.61
2024-09-04 11:11:16.450102,-0.55,-1.1,-0.73
2024-09-04 11:11:17.581080,0.12,-0.55,-0.18
2024-09-04 11:11:18.499076,-0.61,-1.1,-0.79
2024-09-04 11:11:19.860555,-0.24,-0.79,-0.55
2024-09-04 11:11:20.546759,-0.31,-0.85,-0.49
2024-09-04 11:11:21.444361,-0.37,-0.92,-0.61
2024-09-04 11:11:22.371130,-0.24,-0.73,-0.43
2024-09-04 11:11:23.411917,-0.31,-0.79,-0.43
2024-09-04 11:11:24.642986,-0.31,-0.85,-0.43
2024-09-04 11:11:25.460429,-0.31,-0.85,-0.49
2024-09-04 11:11:26.410595,-0.37,-0.92,-0.67
2024-09-04 11:11:27.511436,-0.31,-0.85,-0.49
2024-09-04 11:11:28.532725,-0.06,-0.67,-0.24
2024-09-04 11:11:29.453434,-0.24,-0.79,-0.49
2024-09-04 11:11:30.471718,-0.18,-0.79,-0.43
2024-09-04 11:11:31.442263,-0.24,-0.79,-0.37
2024-09-04 11:11:32.461623,-0.18,-0.79,-0.43
2024-09-04 11:11:33.652619,-0.31,-0.85,-0.55
2024-09-04 11:11:34.469935,-0.18,-0.79,-0.37
2024-09-04 11:11:35.905437,-0.18,-0.79,-0.37
2024-09-04 11:11:36.521452,-0.24,-0.85,-0.49
2024-09-04 11:11:37.483917,-0.06,-0.67,-0.24
2024-09-04 11:11:38.786277,-0.55,-0.98,-0.73
2024-09-04 11:11:39.520336,-0.18,-0.79,-0.55
2024-09-04 11:11:40.479680,-0.18,-0.79,-0.37
2024-09-04 11:11:41.499317,-0.12,-0.73,-0.37
2024-09-04 11:11:42.503432,-0.37,-0.85,-0.55
2024-09-04 11:11:43.530239,-0.06,-0.67,-0.24
2024-09-04 11:11:44.714954,-0.49,-1.04,-0.61
2024-09-04 11:11:45.635946,-0.31,-0.85,-0.55
2024-09-04 11:11:46.524049,-0.24,-0.79,-0.43
2024-09-04 11:11:47.613901,-0.98,-1.28,-1.28
2024-09-04 11:11:48.550196,-0.24,-0.79,-0.55
2024-09-04 11:11:49.627210,0.06,-0.61,-0.06
2024-09-04 11:11:50.651500,-0.06,-0.85,-0.49
2024-09-04 11:11:52.097440,-1.04,-1.46,-1.28
2024-09-04 11:11:52.550185,-0.31,-0.85,-0.61
2024-09-04 11:11:53.567503,-0.06,-0.67,-0.18
2024-09-04 11:11:54.645400,-0.61,-1.16,-0.92
2024-09-04 11:11:55.599536,-0.12,-0.67,-0.24
2024-09-04 11:11:56.645366,-0.61,-1.16,-0.73
2024-09-04 11:11:57.600464,-0.43,-0.92,-0.79
2024-09-04 11:11:58.579499,-0.43,-0.92,-0.55
2024-09-04 11:11:59.764130,-0.31,-0.79,-0.61
2024-09-04 11:12:00.685596,0.24,-0.49,0.12
2024-09-04 11:12:01.724224,0.0,-0.61,-0.24
2024-09-04 11:12:02.596163,-1.46,-2.26,-1.22
2024-09-04 11:12:03.758955,-2.87,121.89,43.09
2024-09-04 11:12:04.641571,45.84,76.97,-103.82
2024-09-04 11:12:05.772864,-0.43,-86.55,-48.77
2024-09-04 11:12:06.662558,7.45,5.31,10.99
2024-09-04 11:12:08.082814,-4.82,1.59,6.9
2024-09-04 11:12:08.634072,-13.18,-21.36,-19.41
2024-09-04 11:12:09.799220,11.35,-22.58,-30.7
2024-09-04 11:12:10.925663,3.17,-3.66,-8.54
2024-09-04 11:12:11.852082,-0.37,2.2,3.6
2024-09-04 11:12:12.789016,153.99,4.33,-143.49
2024-09-04 11:12:13.675434,-31.25,78.92,-148.44
2024-09-04 11:12:14.701829,33.33,-27.71,-56.58
2024-09-04 11:12:15.699569,-3.85,9.89,-5.62
2024-09-04 11:12:16.699519,0.24,3.78,-17.58
2024-09-04 11:12:17.754239,-58.78,-44.62,71.78
2024-09-04 11:12:18.728961,-121.89,28.99,30.27
2024-09-04 11:12:19.952999,77.39,110.6,94.91
2024-09-04 11:12:20.873008,1.95,0.67,1.4
2024-09-04 11:12:21.779347,1.71,0.85,1.53
2024-09-04 11:12:22.755201,1.1,0.49,0.92
2024-09-04 11:12:24.151672,-108.28,-194.15,-238.04
2024-09-04 11:12:24.752342,241.27,-115.66,90.52
2024-09-04 11:12:25.738146,70.25,-138.37,-224.79
2024-09-04 11:12:26.900796,-29.91,212.4,430.42
2024-09-04 11:12:27.758081,294.74,-266.72,-36.44
2024-09-04 11:12:28.844890,-213.62,246.22,181.46
2024-09-04 11:12:29.868830,120.3,17.27,-87.1
2024-09-04 11:12:30.759385,296.39,555.3,474.3
2024-09-04 11:12:32.019764,-2.38,-153.38,859.44
2024-09-04 11:12:32.821615,351.81,181.58,-215.58
2024-09-04 11:12:33.862794,38.7,-186.52,371.77
2024-09-04 11:12:34.990816,349.55,-350.77,-280.15
2024-09-04 11:12:36.014719,59.69,-625.31,-59.75
2024-09-04 11:12:36.934835,-166.38,53.41,-326.29
2024-09-04 11:12:38.163229,-473.02,-503.23,-885.01
2024-09-04 11:12:38.983601,-34.73,-135.19,159.0
2024-09-04 11:12:40.313866,-107.42,-140.99,-129.21
2024-09-04 11:12:40.832360,-24.66,34.61,-379.09
2024-09-04 11:12:42.054688,50.6,-11.35,-44.37
2024-09-04 11:12:42.913135,-0.92,-1.4,-0.31
2024-09-04 11:12:43.877350,-23.56,-8.61,-2.81
2024-09-04 11:12:45.024420,-0.12,-0.31,-0.43
2024-09-04 11:12:45.929446,-0.24,-0.73,-0.43
2024-09-04 11:12:46.861821,-0.31,-0.79,-0.37
2024-09-04 11:12:47.890807,-0.18,-0.67,-0.31
2024-09-04 11:12:49.017367,-0.31,-0.79,-0.37
2024-09-04 11:12:49.917568,-0.24,-0.79,-0.37
2024-09-04 11:12:51.067543,-0.24,-0.79,-0.37
2024-09-04 11:12:52.047391,-0.24,-0.79,-0.37
2024-09-04 11:12:52.945483,-0.24,-0.79,-0.37
2024-09-04 11:12:54.054406,-0.24,-0.79,-0.37
2024-09-04 11:12:54.914946,-0.24,-0.79,-0.37
2024-09-04 11:12:56.803820,-0.24,-0.79,-0.37
2024-09-04 11:12:57.138127,-0.24,-0.73,-0.37
2024-09-04 11:12:57.960794,-0.24,-0.79,-0.43
2024-09-04 11:12:58.937586,-0.24,-0.79,-0.43
2024-09-04 11:12:59.933833,-0.24,-0.79,-0.43
2024-09-04 11:13:00.948021,-0.24,-0.79,-0.43
2024-09-04 11:13:02.026772,-0.24,-0.79,-0.43
2024-09-04 11:13:03.032665,-0.24,-0.79,-0.43
2024-09-04 11:13:03.945136,-0.24,-0.79,-0.43
2024-09-04 11:13:05.094306,-0.24,-0.79,-0.43
2024-09-04 11:13:06.122317,-0.24,-0.79,-0.37
2024-09-04 11:13:07.041454,-0.24,-0.79,-0.37
2024-09-04 11:13:08.065334,-0.24,-0.79,-0.37
2024-09-04 11:13:08.986993,-0.24,-0.79,-0.43
2024-09-04 11:13:09.981469,-0.31,-0.79,-0.43
2024-09-04 11:13:11.047037,-0.18,-0.79,-0.43
2024-09-04 11:13:12.466476,-0.18,-0.79,-0.43
2024-09-04 11:13:12.997461,-0.24,-0.79,-0.43
2024-09-04 11:13:14.106373,-0.24,-0.79,-0.43
2024-09-04 11:13:15.155719,-0.24,-0.85,-0.43
2024-09-04 11:13:16.055690,-0.24,-0.79,-0.43
2024-09-04 11:13:17.091188,-0.24,-0.79,-0.43
2024-09-04 11:13:18.404933,-0.24,-0.79,-0.43
2024-09-04 11:13:19.258329,-0.24,-0.79,-0.43
2024-09-04 11:13:20.048331,-0.24,-0.79,-0.43
2024-09-04 11:13:21.068640,-0.24,-0.79,-0.43
2024-09-04 11:13:22.095930,-0.24,-0.79,-0.43
2024-09-04 11:13:23.117497,-0.24,-0.79,-0.43
2024-09-04 11:13:24.242746,-0.31,-0.79,-0.43
2024-09-04 11:13:25.165272,-0.24,-0.79,-0.43
2024-09-04 11:13:26.194018,-0.24,-0.79,-0.43
2024-09-04 11:13:27.110239,-0.24,-0.79,-0.43
2024-09-04 11:13:28.645691,-0.24,-0.79,-0.43
2024-09-04 11:13:29.082855,-0.24,-0.79,-0.43
2024-09-04 11:13:30.289509,-0.24,-0.79,-0.43
2024-09-04 11:13:31.205622,-0.18,-0.79,-0.43
2024-09-04 11:13:32.229755,-0.24,-0.79,-0.43
2024-09-04 11:13:33.152478,-0.24,-0.79,-0.43
2024-09-04 11:13:34.277494,-0.24,-0.79,-0.43
2024-09-04 11:13:35.301565,-0.24,-0.79,-0.43
2024-09-04 11:13:36.228583,-0.24,-0.79,-0.43
2024-09-04 11:13:37.462718,-0.24,-0.79,-0.43
2024-09-04 11:13:38.271247,-0.24,-0.79,-0.43
2024-09-04 11:13:39.295388,-0.31,-0.73,-0.43
2024-09-04 11:13:40.216856,-0.24,-0.79,-0.49
2024-09-04 11:13:41.445418,-0.24,-0.79,-0.43
2024-09-04 11:13:42.469580,-0.24,-0.79,-0.43
2024-09-04 11:13:43.160804,-0.24,-0.79,-0.43
2024-09-04 11:13:44.619943,-0.24,-0.79,-0.43
2024-09-04 11:13:45.274142,-0.24,-0.79,-0.37
2024-09-04 11:13:46.265279,-0.24,-0.79,-0.43
2024-09-04 11:13:47.282005,-0.24,-0.79,-0.43
2024-09-04 11:13:48.215590,-0.24,-0.79,-0.43
2024-09-04 11:13:49.343875,-0.24,-0.79,-0.43
2024-09-04 11:13:50.405686,-0.24,-0.79,-0.43
2024-09-04 11:13:51.275851,-0.24,-0.79,-0.43
2024-09-04 11:13:52.231785,-0.24,-0.79,-0.43
2024-09-04 11:13:53.323786,-0.18,-0.79,-0.43
2024-09-04 11:13:54.227194,-0.24,-0.79,-0.43
2024-09-04 11:13:55.246738,-0.24,-0.79,-0.43
2024-09-04 11:13:56.395410,-0.24,-0.79,-0.43
2024-09-04 11:13:57.244135,-0.24,-0.79,-0.43
2024-09-04 11:13:58.277266,-0.24,-0.79,-0.49
2024-09-04 11:13:59.467692,-0.31,-0.79,-0.43
2024-09-04 11:14:01.003411,-0.24,-0.79,-0.49
2024-09-04 11:14:01.322567,-0.31,-0.79,-0.43
2024-09-04 11:14:02.260016,-0.24,-0.79,-0.43
2024-09-04 11:14:03.278815,-0.24,-0.79,-0.43
2024-09-04 11:14:04.286395,-0.18,-0.79,-0.49
2024-09-04 11:14:05.291858,-0.24,-0.85,-0.43
2024-09-04 11:14:06.289032,-0.24,-0.73,-0.37
2024-09-04 11:14:07.351077,-0.24,-0.79,-0.43
2024-09-04 11:14:08.337119,-0.24,-0.79,-0.43
2024-09-04 11:14:09.442084,-0.31,-0.79,-0.43
2024-09-04 11:14:10.376524,-0.24,-0.79,-0.43
2024-09-04 11:14:11.377835,-0.24,-0.79,-0.49
2024-09-04 11:14:12.773138,-0.24,-0.79,-0.49
2024-09-04 11:14:13.399532,-0.24,-0.79,-0.43
2024-09-04 11:14:14.403740,-0.24,-0.79,-0.49
2024-09-04 11:14:15.441633,-0.24,-0.73,-0.43
2024-09-04 11:14:16.790310,-0.24,-0.79,-0.43
2024-09-04 11:14:17.364710,-0.31,-0.79,-0.49
2024-09-04 11:14:18.373830,-0.24,-0.85,-0.49
2024-09-04 11:14:19.640825,-0.24,-0.79,-0.49
2024-09-04 11:14:20.561643,-0.24,-0.79,-0.49
2024-09-04 11:14:21.483220,-0.31,-0.79,-0.43
2024-09-04 11:14:22.411150,-0.24,-0.79,-0.49
2024-09-04 11:14:23.636050,-0.24,-0.79,-0.49
2024-09-04 11:14:24.532545,-0.24,-0.79,-0.49
2024-09-04 11:14:25.450292,-0.24,-0.79,-0.43
2024-09-04 11:14:26.705571,-0.24,-0.79,-0.49
2024-09-04 11:14:27.729652,-0.24,-0.79,-0.43
2024-09-04 11:14:28.448849,-0.24,-0.79,-0.49
2024-09-04 11:14:29.456276,-0.24,-0.79,-0.49
2024-09-04 11:14:30.596942,-0.31,-0.79,-0.49
2024-09-04 11:14:31.928541,-0.24,-0.79,-0.49
2024-09-04 11:14:32.955844,-0.24,-0.79,-0.49
2024-09-04 11:14:33.440291,-0.24,-0.79,-0.49
2024-09-04 11:14:34.474065,-0.24,-0.79,-0.49
2024-09-04 11:14:35.511668,-0.24,-0.79,-0.49
2024-09-04 11:14:37.554919,-0.24,-0.79,-0.43
2024-09-04 11:14:37.945134,-0.24,-0.79,-0.49
2024-09-04 11:14:38.469591,-0.24,-0.79,-0.49
2024-09-04 11:14:39.510598,-0.24,-0.79,-0.49
2024-09-04 11:14:40.504660,-0.24,-0.85,-0.49
2024-09-04 11:14:41.655578,-0.31,-0.79,-0.49
2024-09-04 11:14:42.504702,-0.24,-0.79,-0.43
2024-09-04 11:14:43.503241,-0.24,-0.85,-0.49
2024-09-04 11:14:44.500246,-0.24,-0.85,-0.49
2024-09-04 11:14:46.058624,-0.31,-0.85,-0.43
2024-09-04 11:14:46.508347,-0.31,-0.79,-0.49
2024-09-04 11:14:47.515956,-0.31,-0.79,-0.43
2024-09-04 11:14:48.909053,-0.24,-0.85,-0.49
2024-09-04 11:14:49.847696,-0.31,-0.79,-0.49
2024-09-04 11:14:50.707193,-0.24,-0.79,-0.49
2024-09-04 11:14:51.691565,-0.24,-0.79,-0.49
2024-09-04 11:14:52.714241,-0.24,-0.85,-0.49
2024-09-04 11:14:53.573125,-0.31,-0.79,-0.43
2024-09-04 11:14:54.563513,-0.31,-0.79,-0.49
2024-09-04 11:14:55.786436,-0.31,-0.79,-0.49
2024-09-04 11:14:56.708059,-0.31,-0.79,-0.49
2024-09-04 11:14:57.937778,-0.24,-0.79,-0.49
2024-09-04 11:14:58.757497,-0.24,-0.79,-0.49
2024-09-04 11:14:59.679864,-0.24,-0.85,-0.43
2024-09-04 11:15:00.623414,-0.24,-0.79,-0.43
2024-09-04 11:15:02.033224,-0.24,-0.79,-0.49
2024-09-04 11:15:02.647277,-0.31,-0.79,-0.55
2024-09-04 11:15:03.682562,-0.24,-0.79,-0.49
2024-09-04 11:15:05.104990,-0.24,-0.79,-0.49
2024-09-04 11:15:05.923820,-0.24,-0.79,-0.49
2024-09-04 11:15:06.747418,-0.24,-0.79,-0.43
2024-09-04 11:15:07.664690,-0.24,-0.79,-0.49
2024-09-04 11:15:08.791241,-0.24,-0.85,-0.49
2024-09-04 11:15:09.649510,-0.24,-0.85,-0.49
2024-09-04 11:15:10.732471,-0.24,-0.79,-0.49
2024-09-04 11:15:11.674058,-0.24,-0.79,-0.49
2024-09-04 11:15:12.682282,-0.31,-0.79,-0.43
2024-09-04 11:15:13.690366,-0.24,-0.79,-0.49
2024-09-04 11:15:14.856042,-0.24,-0.79,-0.49
2024-09-04 11:15:15.670526,-0.24,-0.85,-0.49
2024-09-04 11:15:16.702392,-0.24,-0.79,-0.49
2024-09-04 11:15:17.802219,-0.24,-0.79,-0.49
2024-09-04 11:15:18.704130,-0.24,-0.85,-0.49
2024-09-04 11:15:19.747952,-0.24,-0.79,-0.49
2024-09-04 11:15:21.390941,-0.24,-0.85,-0.49
2024-09-04 11:15:21.714044,-0.24,-0.85,-0.49
2024-09-04 11:15:22.722027,-0.31,-0.85,-0.49
2024-09-04 11:15:23.954258,-0.31,-0.79,-0.49
2024-09-04 11:15:24.968524,-0.24,-0.79,-0.49
2024-09-04 11:15:25.734267,-0.24,-0.79,-0.49
2024-09-04 11:15:26.731956,-0.24,-0.79,-0.49
2024-09-04 11:15:27.838858,-0.24,-0.85,-0.49
2024-09-04 11:15:28.861771,-0.24,-0.85,-0.49
2024-09-04 11:15:29.988661,-0.24,-0.79,-0.49
2024-09-04 11:15:30.750114,-0.24,-0.79,-0.49
2024-09-04 11:15:31.777166,-0.24,-0.79,-0.43
2024-09-04 11:15:32.783930,-0.24,-0.85,-0.49
2024-09-04 11:15:33.781959,-0.24,-0.79,-0.49
2024-09-04 11:15:34.908709,-0.24,-0.79,-0.49
2024-09-04 11:15:35.808737,-0.24,-0.79,-0.55
2024-09-04 11:15:37.463156,-0.31,-0.79,-0.49
2024-09-04 11:15:37.810919,-0.24,-0.79,-0.49
2024-09-04 11:15:38.896166,-0.24,-0.79,-0.49
2024-09-04 11:15:39.832757,-0.31,-0.79,-0.49
2024-09-04 11:15:41.052641,-0.24,-0.85,-0.55
2024-09-04 11:15:41.865939,-0.24,-0.79,-0.49
2024-09-04 11:15:42.832818,-0.24,-0.79,-0.49
2024-09-04 11:15:43.863887,-0.24,-0.79,-0.49
2024-09-04 11:15:45.040193,-0.24,-0.79,-0.49
2024-09-04 11:15:45.849786,-0.24,-0.79,-0.49
2024-09-04 11:15:46.842584,-0.31,-0.79,-0.55
2024-09-04 11:15:48.114218,-0.24,-0.79,-0.49
2024-09-04 11:15:48.897091,-0.24,-0.79,-0.49
2024-09-04 11:15:49.860071,-0.31,-0.79,-0.55
2024-09-04 11:15:50.882452,-0.24,-0.79,-0.49
2024-09-04 11:15:52.007225,-0.24,-0.79,-0.49
2024-09-04 11:15:53.349564,-0.24,-0.79,-0.49
2024-09-04 11:15:53.883451,-0.24,-0.85,-0.55
2024-09-04 11:15:54.909969,-0.24,-0.85,-0.49
2024-09-04 11:15:55.896912,-0.24,-0.79,-0.49
2024-09-04 11:15:57.225539,-0.24,-0.79,-0.49
2024-09-04 11:15:57.942412,-0.24,-0.85,-0.49
2024-09-04 11:15:58.937321,-0.24,-0.79,-0.49
2024-09-04 11:15:59.914382,-0.24,-0.79,-0.49
2024-09-04 11:16:01.119304,-0.24,-0.79,-0.49
2024-09-04 11:16:02.143212,-0.24,-0.85,-0.49
2024-09-04 11:16:03.409552,-0.31,-0.79,-0.49
2024-09-04 11:16:03.952423,-0.24,-0.79,-0.49
2024-09-04 11:16:05.110191,-0.24,-0.79,-0.49
2024-09-04 11:16:06.110532,-0.31,-0.85,-0.55
2024-09-04 11:16:07.060016,-0.24,-0.79,-0.55
2024-09-04 11:16:08.182139,-0.31,-0.79,-0.55
2024-09-04 11:16:09.513906,-0.31,-0.79,-0.55
2024-09-04 11:16:09.992252,-0.24,-0.79,-0.49
2024-09-04 11:16:11.133842,-0.24,-0.85,-0.49
2024-09-04 11:16:12.180196,-0.24,-0.79,-0.55
2024-09-04 11:16:12.997049,-0.24,-0.79,-0.55
2024-09-04 11:16:14.026916,-0.24,-0.79,-0.49
2024-09-04 11:16:15.154532,-0.24,-0.85,-0.49
2024-09-04 11:16:16.258919,-0.24,-0.79,-0.49
2024-09-04 11:16:17.091024,-0.24,-0.85,-0.49
2024-09-04 11:16:18.319740,-0.24,-0.85,-0.55
2024-09-04 11:16:19.241517,-0.24,-0.79,-0.55
2024-09-04 11:16:20.256556,-0.31,-0.79,-0.55
2024-09-04 11:16:21.139249,-0.24,-0.79,-0.49
2024-09-04 11:16:22.313158,-0.24,-0.79,-0.49
2024-09-04 11:16:23.236982,-0.31,-0.79,-0.49
2024-09-04 11:16:24.066797,-0.24,-0.79,-0.55
2024-09-04 11:16:25.694325,-0.24,-0.79,-0.49
2024-09-04 11:16:26.410420,-0.31,-0.79,-0.49
2024-09-04 11:16:27.228036,-0.24,-0.79,-0.55
2024-09-04 11:16:28.252318,-0.24,-0.79,-0.55
2024-09-04 11:16:29.102984,-0.24,-0.79,-0.49
2024-09-04 11:16:30.197847,-0.24,-0.79,-0.49
2024-09-04 11:16:31.427113,-0.31,-0.79,-0.55
2024-09-04 11:16:32.164585,-0.24,-0.85,-0.49
2024-09-04 11:16:33.185495,-0.31,-0.85,-0.55
2024-09-04 11:16:34.301735,-0.31,-0.85,-0.55
2024-09-04 11:16:35.403926,-0.24,-0.85,-0.55
2024-09-04 11:16:36.140997,-0.31,-0.79,-0.49
2024-09-04 11:16:37.263660,-0.31,-0.79,-0.55
2024-09-04 11:16:38.189104,-0.31,-0.79,-0.49
2024-09-04 11:16:39.177835,-0.24,-0.85,-0.49
2024-09-04 11:16:40.338676,-0.24,-0.79,-0.55
2024-09-04 11:16:41.871184,-0.31,-0.79,-0.49
2024-09-04 11:16:42.176621,-0.24,-0.79,-0.49
2024-09-04 11:16:43.304693,-0.31,-0.79,-0.49
2024-09-04 11:16:44.249065,-0.24,-0.85,-0.49
2024-09-04 11:16:45.455918,-0.31,-0.79,-0.49
2024-09-04 11:16:46.204494,-0.31,-0.85,-0.55
2024-09-04 11:16:47.401125,-0.24,-0.85,-0.55
2024-09-04 11:16:48.322563,-0.24,-0.85,-0.55
2024-09-04 11:16:49.553286,-0.24,-0.79,-0.49
2024-09-04 11:16:50.190319,-0.24,-0.85,-0.49
2024-09-04 11:16:51.397477,-0.24,-0.79,-0.49
2024-09-04 11:16:52.243907,-0.24,-0.85,-0.55
2024-09-04 11:16:53.239452,-0.24,-0.85,-0.55
2024-09-04 11:16:54.365911,-0.24,-0.85,-0.49
2024-09-04 11:16:55.386225,-0.24,-0.85,-0.55
2024-09-04 11:16:56.232422,-0.31,-0.79,-0.55
2024-09-04 11:16:57.977236,-0.24,-0.79,-0.49
2024-09-04 11:16:58.282113,-0.31,-0.85,-0.49
2024-09-04 11:16:59.389223,-0.24,-0.79,-0.55
2024-09-04 11:17:00.610053,-0.24,-0.79,-0.49
2024-09-04 11:17:01.432993,-0.24,-0.79,-0.55
2024-09-04 11:17:02.352833,-0.31,-0.79,-0.55
2024-09-04 11:17:03.375064,-0.31,-0.85,-0.55
2024-09-04 11:17:04.403776,-0.24,-0.79,-0.49
2024-09-04 11:17:05.295324,-0.31,-0.85,-0.55
2024-09-04 11:17:06.344484,-0.31,-0.79,-0.49
2024-09-04 11:17:07.471345,-0.24,-0.85,-0.55
2024-09-04 11:17:08.392397,-0.24,-0.85,-0.55
2024-09-04 11:17:09.558934,-0.24,-0.85,-0.49
2024-09-04 11:17:10.749076,-0.24,-0.85,-0.49
2024-09-04 11:17:11.475626,-0.24,-0.85,-0.49
2024-09-04 11:17:12.327892,-0.24,-0.79,-0.55
2024-09-04 11:17:13.841906,-0.24,-0.85,-0.55
2024-09-04 11:17:14.429250,-0.31,-0.79,-0.49
2024-09-04 11:17:15.355777,-0.24,-0.79,-0.55
2024-09-04 11:17:16.379335,-0.31,-0.85,-0.49
2024-09-04 11:17:17.382397,-0.24,-0.85,-0.55
2024-09-04 11:17:18.451769,-0.24,-0.79,-0.55
2024-09-04 11:17:19.451605,-0.31,-0.85,-0.55
2024-09-04 11:17:20.393314,-0.24,-0.79,-0.49
2024-09-04 11:17:21.400417,-0.24,-0.85,-0.55
2024-09-04 11:17:22.380035,-0.24,-0.79,-0.49
2024-09-04 11:17:23.410017,-0.24,-0.79,-0.55
2024-09-04 11:17:24.388499,-0.31,-0.85,-0.49
2024-09-04 11:17:25.401913,-0.24,-0.79,-0.49
2024-09-04 11:17:26.619539,-0.31,-0.85,-0.55
2024-09-04 11:17:27.471474,-0.24,-0.79,-0.49
2024-09-04 11:17:28.564771,-0.24,-0.85,-0.55
2024-09-04 11:17:29.822351,-0.24,-0.85,-0.55
2024-09-04 11:17:30.462269,-0.24,-0.85,-0.55
2024-09-04 11:17:31.445279,-0.24,-0.79,-0.55
2024-09-04 11:17:32.446369,-0.24,-0.79,-0.55
2024-09-04 11:17:33.453857,-0.24,-0.85,-0.55
2024-09-04 11:17:34.458385,-0.24,-0.79,-0.49
2024-09-04 11:17:35.594959,-0.31,-0.79,-0.55
2024-09-04 11:17:36.466212,-0.24,-0.79,-0.49
2024-09-04 11:17:37.579674,-0.31,-0.85,-0.49
2024-09-04 11:17:38.702103,-0.24,-0.79,-0.55
2024-09-04 11:17:39.726150,-0.31,-0.85,-0.49
2024-09-04 11:17:40.485893,-0.24,-0.85,-0.49
2024-09-04 11:17:41.570077,-0.24,-0.79,-0.55
2024-09-04 11:17:42.698045,-0.24,-0.85,-0.49
2024-09-04 11:17:43.497093,-0.24,-0.85,-0.55
2024-09-04 11:17:44.641401,-0.24,-0.85,-0.55
2024-09-04 11:17:46.075065,-0.24,-0.79,-0.55
2024-09-04 11:17:46.507991,-0.24,-0.79,-0.49
2024-09-04 11:17:47.517724,-0.24,-0.79,-0.49
2024-09-04 11:17:48.544818,-0.31,-0.79,-0.55
2024-09-04 11:17:49.864849,-0.24,-0.85,-0.55
2024-09-04 11:17:50.538236,-0.31,-0.85,-0.49
2024-09-04 11:17:51.544279,-0.24,-0.79,-0.55
2024-09-04 11:17:52.567087,-0.24,-0.79,-0.49
2024-09-04 11:17:53.561641,-0.24,-0.85,-0.49
2024-09-04 11:17:54.881284,-0.24,-0.85,-0.55
2024-09-04 11:17:55.562941,-0.24,-0.85,-0.55
2024-09-04 11:17:56.599690,-0.31,-0.79,-0.55
2024-09-04 11:17:57.650017,-0.24,-0.79,-0.61
2024-09-04 11:17:58.647974,-0.31,-0.85,-0.49
2024-09-04 11:17:59.592816,-0.24,-0.79,-0.49
2024-09-04 11:18:01.056650,-0.31,-0.79,-0.49
2024-09-04 11:18:01.844330,-0.31,-0.85,-0.49
2024-09-04 11:18:02.610048,-0.24,-0.79,-0.55
2024-09-04 11:18:03.618539,-0.24,-0.79,-0.55
2024-09-04 11:18:04.681145,-0.24,-0.85,-0.55
2024-09-04 11:18:05.643553,-0.24,-0.85,-0.49
2024-09-04 11:18:06.612016,-0.31,-0.79,-0.49
2024-09-04 11:18:07.630696,-0.24,-0.79,-0.49
2024-09-04 11:18:08.910846,-0.31,-0.85,-0.55
2024-09-04 11:18:09.729470,-0.24,-0.85,-0.49
2024-09-04 11:18:10.661913,-0.24,-0.79,-0.55
2024-09-04 11:18:11.780481,-0.31,-0.85,-0.55
2024-09-04 11:18:12.699542,-0.24,-0.85,-0.49
2024-09-04 11:18:13.819538,-0.24,-0.79,-0.55
2024-09-04 11:18:14.849139,-0.31,-0.85,-0.55
2024-09-04 11:18:15.770647,-0.24,-0.79,-0.55
