#group,false,false,false,false
#datatype,dateTime:RFC3339,double,double,double
#default,,,,
,time,x,y,z
,2024-09-04T10:48:16.809979Z,-12.27,-1.28,-0.98
,2024-09-04T10:48:18.162735Z,-0.37,-0.85,-0.49
,2024-09-04T10:48:18.778424Z,-0.55,-1.89,-1.34
,2024-09-04T10:48:19.821934Z,-2.08,-1.1,-0.92
,2024-09-04T10:48:20.926866Z,-183.72,13,258.91
,2024-09-04T10:48:21.950936Z,-174.62,26.37,308.96
,2024-09-04T10:48:22.746059Z,323.67,91.19,186.1
,2024-09-04T10:48:23.755076Z,-421.75,-237.85,-361.94
,2024-09-04T10:48:24.794151Z,22.4,27.28,-59.63
,2024-09-04T10:48:25.816613Z,-163.7,340.58,136.35
,2024-09-04T10:48:26.77522Z,89.6,-260.8,217.9
,2024-09-04T10:48:27.998855Z,56.4,-60.67,726.01
,2024-09-04T10:48:29.122595Z,-152.47,-478.27,113.95
,2024-09-04T10:48:29.813512Z,-36.5,204.1,236.88
,2024-09-04T10:48:30.797724Z,220.89,-249.21,333.07
,2024-09-04T10:48:31.985259Z,-31.43,492.31,152.16
,2024-09-04T10:48:32.907857Z,169.07,-164,-180.05
,2024-09-04T10:48:33.808344Z,16.72,4.7,12.57
,2024-09-04T10:48:34.956467Z,7.02,-100.04,-45.96
,2024-09-04T10:48:35.995529Z,40.65,21.85,-41.69
,2024-09-04T10:48:36.904952Z,0.06,-0.85,-0.43
,2024-09-04T10:48:37.925183Z,0,-0.73,-0.37
,2024-09-04T10:48:38.844554Z,-0.06,-0.79,-0.43
,2024-09-04T10:48:39.881513Z,-0.12,-0.79,-0.43
,2024-09-04T10:48:40.996797Z,-0.12,-0.79,-0.43
,2024-09-04T10:48:42.021789Z,-0.98,-0.85,-0.43
,2024-09-04T10:48:42.854718Z,-0.24,-0.79,-0.49
,2024-09-04T10:48:44.076657Z,-0.24,-0.79,-0.43
,2024-09-04T10:48:45.401845Z,-0.18,-0.79,-0.43
,2024-09-04T10:48:45.883762Z,-0.31,-0.85,-0.55
,2024-09-04T10:48:46.90417Z,0.06,-0.79,-0.49
,2024-09-04T10:48:47.966269Z,-0.18,-0.85,-0.49
,2024-09-04T10:48:48.983587Z,-0.18,-0.85,-0.43
,2024-09-04T10:48:49.91459Z,-0.24,-0.79,-0.43
,2024-09-04T10:48:51.134146Z,-0.06,-0.85,-0.43
,2024-09-04T10:48:51.925372Z,105.96,40.16,-187.87
,2024-09-04T10:48:52.947404Z,-109.38,-605.29,727.36
,2024-09-04T10:48:53.938799Z,-86.24,-309.88,136.11
,2024-09-04T10:48:54.926907Z,-214.23,-52.61,54.75
,2024-09-04T10:48:56.049318Z,-61.28,-469.97,-15.93
,2024-09-04T10:48:56.969228Z,96.62,-212.16,-102.29
,2024-09-04T10:48:58.097988Z,-27.1,-394.65,-259.89
,2024-09-04T10:48:59.1225Z,-147.4,466.98,190.12
,2024-09-04T10:49:00.044547Z,-22.89,-81.24,35.16
,2024-09-04T10:49:01.486479Z,191.89,-158.2,165.77
,2024-09-04T10:49:01.962686Z,0.06,-70.19,4.52
,2024-09-04T10:49:02.966817Z,-100.16,399.48,453.61
,2024-09-04T10:49:04.003883Z,245.97,46.63,-436.04
,2024-09-04T10:49:05.264948Z,-9.83,-71.53,-86.85
,2024-09-04T10:49:06.087683Z,14.89,-46.57,-58.65
,2024-09-04T10:49:07.110132Z,-0.31,-0.79,-0.43
,2024-09-04T10:49:08.004421Z,-0.24,-0.79,-0.49
,2024-09-04T10:49:09.158706Z,-0.18,-0.79,-0.43
,2024-09-04T10:49:10.024346Z,-0.18,-0.79,-0.43
,2024-09-04T10:49:11.020204Z,-0.24,-0.73,-0.43
,2024-09-04T10:49:12.044415Z,-0.31,-0.79,-0.43
,2024-09-04T10:49:13.041868Z,-0.18,-0.79,-0.43
,2024-09-04T10:49:14.054066Z,-0.18,-0.79,-0.49
,2024-09-04T10:49:15.302183Z,-0.24,-0.79,-0.43
,2024-09-04T10:49:16.04849Z,-0.31,-0.79,-0.43
,2024-09-04T10:49:17.47517Z,-0.24,-0.79,-0.49
,2024-09-04T10:49:18.27993Z,-0.24,-0.79,-0.37
,2024-09-04T10:49:19.398862Z,-0.31,-0.79,-0.43
,2024-09-04T10:49:20.074143Z,-2.14,-15.99,15.62
,2024-09-04T10:49:21.139293Z,50.6,208.01,-67.75
,2024-09-04T10:49:22.099201Z,4.09,-100.71,-156.43
,2024-09-04T10:49:23.122595Z,-13,-99.85,68.66
,2024-09-04T10:49:24.192402Z,23.38,-151.55,-27.77
,2024-09-04T10:49:25.335918Z,82.46,-82.21,57.07
,2024-09-04T10:49:26.153945Z,1.16,6.47,-3.05
,2024-09-04T10:49:27.28239Z,63.78,-175.54,308.65
,2024-09-04T10:49:28.153585Z,-50.05,97.53,-163.57
,2024-09-04T10:49:29.32845Z,-2.08,-0.31,-0.85
,2024-09-04T10:49:30.250161Z,-59.51,-49.07,41.14
,2024-09-04T10:49:31.382354Z,-11.9,12.39,-48.4
,2024-09-04T10:49:32.145677Z,-0.24,-0.79,-0.49
,2024-09-04T10:49:33.552383Z,-0.06,-0.79,-0.49
,2024-09-04T10:49:34.229889Z,0,-0.79,-0.43
,2024-09-04T10:49:35.186791Z,-0.79,-1.04,-0.49
,2024-09-04T10:49:36.191553Z,-0.31,-0.79,-0.43
,2024-09-04T10:49:37.315586Z,-0.31,-0.79,-0.43
,2024-09-04T10:49:38.181983Z,-0.24,-0.79,-0.43
,2024-09-04T10:49:39.266651Z,-0.31,-0.79,-0.43
,2024-09-04T10:49:40.387445Z,-0.31,-0.79,-0.43
,2024-09-04T10:49:41.194296Z,89.66,75.62,38.21
,2024-09-04T10:49:42.416006Z,41.5,333.07,7.45
,2024-09-04T10:49:43.338186Z,79.1,849.06,238.22
,2024-09-04T10:49:44.382299Z,-79.96,-565.67,-322.14
,2024-09-04T10:49:45.40864Z,-201.35,-525.09,-711.79
,2024-09-04T10:49:46.225721Z,-0.49,101.14,393.07
,2024-09-04T10:49:47.228532Z,103.27,-216.31,17.03
,2024-09-04T10:49:48.477568Z,7.69,-60.24,64.76
,2024-09-04T10:49:49.624128Z,169.25,691.65,403.5
,2024-09-04T10:49:50.320067Z,52.19,-305.24,-362.43
,2024-09-04T10:49:51.446632Z,-123.47,0,32.71
,2024-09-04T10:49:52.367926Z,-161.13,-80.81,-92.9
,2024-09-04T10:49:53.270889Z,-4.21,-5,0.24
,2024-09-04T10:49:54.275676Z,52.49,-267.88,261.66
,2024-09-04T10:49:55.337988Z,-192.32,113.46,-5.49
,2024-09-04T10:49:56.361576Z,56.34,-49.56,60.61
,2024-09-04T10:49:57.426367Z,-57.86,-22.16,-76.35
,2024-09-04T10:49:58.409584Z,15.99,-30.27,92.1
,2024-09-04T10:49:59.535985Z,-23.99,-162.29,-39.06
,2024-09-04T10:50:00.357623Z,-5.25,11.9,-40.1
,2024-09-04T10:50:01.42939Z,-4.39,-17.09,-8.85
,2024-09-04T10:50:02.348502Z,42.79,-230.1,293.21
,2024-09-04T10:50:03.323087Z,198.3,-43.09,0.24
,2024-09-04T10:50:04.457696Z,-31.68,173.16,248.96
,2024-09-04T10:50:05.921835Z,-19.65,-47.85,114.32
,2024-09-04T10:50:06.320665Z,-76.48,-98.02,91.86
,2024-09-04T10:50:07.34639Z,-0.31,-2.5,8.85
,2024-09-04T10:50:08.505887Z,-0.18,0.92,2.81
,2024-09-04T10:50:09.454833Z,64.33,-251.65,-243.41
,2024-09-04T10:50:10.354537Z,16.3,15.99,36.93
,2024-09-04T10:50:11.365829Z,89.6,-190,593.32
,2024-09-04T10:50:12.377499Z,9.64,-26,-63.66
,2024-09-04T10:50:13.428692Z,-62.38,-384.7,-175.84
,2024-09-04T10:50:14.419592Z,-1.28,-190.67,161.32
,2024-09-04T10:50:15.394488Z,-57.56,112,-19.65
,2024-09-04T10:50:16.526046Z,-157.59,585.45,383.73
,2024-09-04T10:50:17.433578Z,28.26,-69.64,-34.97
,2024-09-04T10:50:18.411075Z,-355.29,-220.95,353.64
,2024-09-04T10:50:19.693909Z,-9.64,-49.38,66.96
,2024-09-04T10:50:20.405176Z,-39.49,450.74,-270.32
,2024-09-04T10:50:21.862408Z,16.48,18.37,185.42
,2024-09-04T10:50:22.437243Z,705.69,-156.86,106.2
,2024-09-04T10:50:23.601417Z,155.27,-671.81,-167.48
,2024-09-04T10:50:24.523378Z,-207.46,-344.6,24.66
,2024-09-04T10:50:25.647364Z,46.02,45.29,95.7
,2024-09-04T10:50:26.867315Z,-81.24,-163.51,-618.35
,2024-09-04T10:50:27.46884Z,358.34,-670.59,-318.54
,2024-09-04T10:50:28.467148Z,-346.98,174.26,440.06
,2024-09-04T10:50:29.745545Z,105.04,-329.83,380.74
,2024-09-04T10:50:30.484173Z,186.04,-124.39,97.53
,2024-09-04T10:50:31.505943Z,-103.52,-181.52,212.16
,2024-09-04T10:50:32.617358Z,674.13,-392.88,186.16
,2024-09-04T10:50:33.635516Z,41.26,358.09,-840.39
,2024-09-04T10:50:34.508706Z,-260.68,802.73,338.87
,2024-09-04T10:50:35.581658Z,296.75,-620.12,-442.02
,2024-09-04T10:50:36.527901Z,88.07,378.42,763.85
,2024-09-04T10:50:37.845496Z,41.87,150.15,-69.95
,2024-09-04T10:50:38.513119Z,-360.47,407.59,653.14
,2024-09-04T10:50:39.516986Z,137.15,-330.26,170.78
,2024-09-04T10:50:40.699974Z,26.25,-59.45,126.46
,2024-09-04T10:50:41.542627Z,-119.08,198.43,130.49
,2024-09-04T10:50:42.860002Z,-94.67,-148.99,-77.76
,2024-09-04T10:50:43.852694Z,4.33,-0.79,-2.14
,2024-09-04T10:50:44.695816Z,-0.98,-1.22,-0.73
,2024-09-04T10:50:45.616262Z,-0.61,-0.85,-0.37
,2024-09-04T10:50:46.847343Z,-0.49,-0.85,-0.31
,2024-09-04T10:50:47.600119Z,-0.31,-0.73,-0.37
,2024-09-04T10:50:48.682737Z,0.18,-0.79,-0.31
,2024-09-04T10:50:49.603091Z,0.31,-0.61,-0.31
,2024-09-04T10:50:50.737351Z,-0.06,-0.73,-0.37
,2024-09-04T10:50:51.62348Z,-0.31,-0.73,-0.37
,2024-09-04T10:50:52.592317Z,0.12,-0.67,-0.37
,2024-09-04T10:50:53.917848Z,-0.37,-0.79,-0.37
,2024-09-04T10:50:54.604179Z,-0.12,-0.73,-0.37
,2024-09-04T10:50:55.63484Z,-0.31,-0.73,-0.43
,2024-09-04T10:50:56.776383Z,-0.12,-0.73,-0.37
,2024-09-04T10:50:57.620895Z,-0.31,-0.73,-0.37
,2024-09-04T10:50:58.636474Z,-0.12,-0.73,-0.37
,2024-09-04T10:50:59.747949Z,-0.06,-0.73,-0.37
,2024-09-04T10:51:00.974798Z,-0.49,-0.85,-0.37
,2024-09-04T10:51:01.654425Z,-0.67,-0.79,-0.43
,2024-09-04T10:51:02.715795Z,-0.55,-0.79,-0.37
,2024-09-04T10:51:03.743293Z,-0.18,-0.79,-0.37
,2024-09-04T10:51:04.867681Z,-0.12,-0.73,-0.37
,2024-09-04T10:51:05.787372Z,0.12,-0.73,-0.37
,2024-09-04T10:51:06.812289Z,-0.61,-0.79,-0.43
,2024-09-04T10:51:07.690743Z,-0.49,-0.85,-0.37
,2024-09-04T10:51:08.85935Z,-0.49,-0.79,-0.37
,2024-09-04T10:51:10.158648Z,0,-0.73,-0.37
,2024-09-04T10:51:10.82304Z,-0.31,-0.79,-0.37
,2024-09-04T10:51:11.704352Z,0.06,-0.73,-0.37
,2024-09-04T10:51:12.713815Z,-0.18,-0.73,-0.37
,2024-09-04T10:51:13.774538Z,-0.55,-0.79,-0.43
,2024-09-04T10:51:14.713217Z,-0.37,-0.79,-0.37
,2024-09-04T10:51:15.752398Z,0,-0.73,-0.37
,2024-09-04T10:51:16.752169Z,-0.18,-0.79,-0.43
,2024-09-04T10:51:17.778501Z,-0.43,-0.79,-0.37
,2024-09-04T10:51:18.894405Z,0.06,-0.73,-0.37
,2024-09-04T10:51:19.748476Z,-0.31,-0.79,-0.43
,2024-09-04T10:51:20.858648Z,-0.43,-0.79,-0.43
,2024-09-04T10:51:21.764658Z,-0.18,-0.73,-0.37
,2024-09-04T10:51:22.763305Z,0.06,-0.73,-0.37
,2024-09-04T10:51:23.854415Z,-0.61,-0.85,-0.37
,2024-09-04T10:51:24.784911Z,-0.31,-0.73,-0.37
,2024-09-04T10:51:26.268766Z,-0.67,-0.85,-0.43
,2024-09-04T10:51:26.781835Z,-0.85,-0.85,-0.43
,2024-09-04T10:51:27.907355Z,-0.06,-0.73,-0.37
,2024-09-04T10:51:29.135337Z,-0.12,-0.73,-0.43
,2024-09-04T10:51:29.89703Z,-0.24,-0.79,-0.43
,2024-09-04T10:51:30.874876Z,-0.31,-0.79,-0.43
,2024-09-04T10:51:31.822875Z,0.49,-0.67,-0.37
,2024-09-04T10:51:33.025317Z,-0.24,-0.79,-0.43
,2024-09-04T10:51:33.948911Z,-0.24,-0.73,-0.43
,2024-09-04T10:51:34.836036Z,0.06,-0.79,-0.37
,2024-09-04T10:51:35.994299Z,-0.06,-0.73,-0.43
,2024-09-04T10:51:37.114179Z,-0.37,-0.79,-0.43
,2024-09-04T10:51:37.864726Z,0,-0.73,-0.37
,2024-09-04T10:51:38.861903Z,0,-0.73,-0.43
,2024-09-04T10:51:39.98674Z,-0.31,-0.79,-0.43
,2024-09-04T10:51:41.115165Z,-0.18,-0.79,-0.37
,2024-09-04T10:51:42.376821Z,-0.18,-0.79,-0.43
,2024-09-04T10:51:42.958526Z,-0.18,-0.79,-0.43
,2024-09-04T10:51:43.881621Z,-0.43,-0.79,-0.43
,2024-09-04T10:51:44.946478Z,-0.06,-0.73,-0.37
,2024-09-04T10:51:45.92759Z,-3.97,-3.23,0.24
,2024-09-04T10:51:46.899738Z,-0.24,-0.79,-0.37
,2024-09-04T10:51:47.905609Z,-0.31,-0.79,-0.43
,2024-09-04T10:51:48.999521Z,-0.61,-0.85,-0.43
,2024-09-04T10:51:49.92258Z,-0.06,-0.73,-0.43
,2024-09-04T10:51:51.025398Z,-0.12,-0.79,-0.37
,2024-09-04T10:51:51.925646Z,-0.49,-0.79,-0.43
,2024-09-04T10:51:52.996027Z,-0.55,-0.79,-0.49
,2024-09-04T10:51:53.947704Z,-0.06,-0.73,-0.43
,2024-09-04T10:51:54.939695Z,-0.12,-0.73,-0.43
,2024-09-04T10:51:55.940636Z,-0.43,-0.79,-0.49
,2024-09-04T10:51:57.137534Z,16.11,-30.21,52.25
,2024-09-04T10:51:58.533461Z,10.38,-737.79,252.99
,2024-09-04T10:51:59.140771Z,22.77,2.26,-0.24
,2024-09-04T10:51:59.965509Z,-241.46,-181.34,-73.85
,2024-09-04T10:52:00.99557Z,-0.31,-0.79,-0.43
,2024-09-04T10:52:01.971517Z,-0.06,-0.79,-0.43
,2024-09-04T10:52:02.985519Z,0,-0.79,-0.49
,2024-09-04T10:52:04.008243Z,-0.31,-0.73,-0.43
,2024-09-04T10:52:05.011276Z,-0.12,-0.79,-0.43
,2024-09-04T10:52:06.100106Z,-0.18,-0.79,-0.43
,2024-09-04T10:52:07.330337Z,-0.24,-0.73,-0.43
,2024-09-04T10:52:08.254638Z,-0.18,-0.79,-0.43
,2024-09-04T10:52:09.015543Z,-0.18,-0.79,-0.43
,2024-09-04T10:52:10.196083Z,-0.67,-1.22,-0.73
,2024-09-04T10:52:11.048098Z,-0.24,-0.61,-0.24
,2024-09-04T10:52:12.347339Z,-0.06,-0.55,-0.24
,2024-09-04T10:52:13.03929Z,-0.55,-1.04,-0.79
,2024-09-04T10:52:14.534409Z,-0.12,-0.98,-0.55
,2024-09-04T10:52:15.095395Z,0,-0.61,-0.24
,2024-09-04T10:52:16.180012Z,-0.43,-0.92,-0.55
,2024-09-04T10:52:17.166369Z,-0.18,-0.79,-0.43
,2024-09-04T10:52:18.080424Z,-0.37,-0.85,-0.49
,2024-09-04T10:52:19.207516Z,-0.18,-0.73,-0.37
,2024-09-04T10:52:20.109364Z,-0.18,-0.67,-0.31
,2024-09-04T10:52:21.357478Z,-0.18,-0.73,-0.37
,2024-09-04T10:52:22.091044Z,-0.18,-0.67,-0.43
,2024-09-04T10:52:23.107171Z,-0.12,-0.67,-0.37
,2024-09-04T10:52:24.225063Z,-0.24,-0.79,-0.43
,2024-09-04T10:52:25.351093Z,-0.18,-0.67,-0.31
,2024-09-04T10:52:26.170386Z,-0.24,-0.73,-0.43
,2024-09-04T10:52:27.421482Z,-0.18,-0.79,-0.49
,2024-09-04T10:52:28.150507Z,-0.31,-0.92,-0.55
,2024-09-04T10:52:29.415203Z,-0.06,-0.67,-0.37
,2024-09-04T10:52:30.605163Z,-0.24,-0.79,-0.43
,2024-09-04T10:52:31.291141Z,-0.12,-0.79,-0.49
,2024-09-04T10:52:32.21303Z,0.06,-0.37,-0.18
,2024-09-04T10:52:33.16245Z,0.06,-0.43,-0.18
,2024-09-04T10:52:34.262902Z,-0.31,-0.79,-0.43
,2024-09-04T10:52:35.391954Z,-0.49,-0.92,-0.43
,2024-09-04T10:52:36.409898Z,-0.67,-1.04,-0.49
,2024-09-04T10:52:37.331746Z,-0.43,-1.04,-0.67
,2024-09-04T10:52:38.361321Z,-0.12,-0.85,-0.49
,2024-09-04T10:52:39.201368Z,-0.06,-0.79,-0.49
,2024-09-04T10:52:40.225908Z,-0.06,-0.85,-0.43
,2024-09-04T10:52:41.211188Z,0,-0.61,-0.24
,2024-09-04T10:52:42.349198Z,-0.18,-0.73,-0.37
,2024-09-04T10:52:43.212598Z,0.06,-0.43,-0.18
,2024-09-04T10:52:44.396869Z,-0.18,-0.73,-0.37
,2024-09-04T10:52:45.320282Z,-0.06,-0.79,-0.49
,2024-09-04T10:52:46.56316Z,-0.31,-0.85,-0.49
,2024-09-04T10:52:47.367597Z,-0.12,-0.67,-0.37
,2024-09-04T10:52:48.39083Z,-0.55,-0.67,-0.24
,2024-09-04T10:52:49.233159Z,-0.31,-0.85,-0.49
,2024-09-04T10:52:50.3839Z,-0.06,-0.73,-0.49
,2024-09-04T10:52:51.361545Z,-0.18,-0.73,-0.43
,2024-09-04T10:52:52.28103Z,-0.12,-0.79,-0.49
,2024-09-04T10:52:53.307503Z,160.52,-201.97,470.03
,2024-09-04T10:52:54.391785Z,-78.61,194.4,-115.36
,2024-09-04T10:52:55.414997Z,-97.05,127.08,415.16
,2024-09-04T10:52:56.377504Z,0.79,-287.78,-412.29
,2024-09-04T10:52:57.27857Z,-140.93,-567.26,-1001.16
,2024-09-04T10:52:58.278988Z,-382.02,233.89,836.55
,2024-09-04T10:52:59.351306Z,277.89,-663.02,-631.65
,2024-09-04T10:53:00.373717Z,-398.01,281.8,527.59
,2024-09-04T10:53:01.395143Z,-8.48,90.94,-116.15
,2024-09-04T10:53:02.748792Z,-332.52,-665.53,-761.35
,2024-09-04T10:53:03.343079Z,-108.7,691.71,97.84
,2024-09-04T10:53:04.569721Z,-601.62,-131.65,264.95
,2024-09-04T10:53:05.593284Z,124.21,-258.79,-110.29
,2024-09-04T10:53:06.411599Z,441.89,-514.34,127.93
,2024-09-04T10:53:07.538835Z,-239.99,744.57,246.52
,2024-09-04T10:53:08.665043Z,-42.48,-96.56,-73.67
,2024-09-04T10:53:09.45287Z,-58.53,75.5,54.81
,2024-09-04T10:53:10.350453Z,-55.3,-289.61,321.35
,2024-09-04T10:53:11.372698Z,40.77,-240.05,731.81
,2024-09-04T10:53:12.369614Z,-413.94,-413.57,259.09
,2024-09-04T10:53:13.368959Z,16.48,-226.75,-606.32
,2024-09-04T10:53:14.414989Z,-262.39,-181.03,94.97
,2024-09-04T10:53:15.526056Z,-13.43,7.81,31.13
,2024-09-04T10:53:16.463305Z,-134.4,261.9,587.34
,2024-09-04T10:53:17.426592Z,-119.81,81.67,85.02
,2024-09-04T10:53:18.822291Z,35.89,-20.87,5.49
,2024-09-04T10:53:19.519373Z,29.79,-22.71,-4.64
,2024-09-04T10:53:20.543569Z,-4.52,37.17,21.3
,2024-09-04T10:53:27.066445Z,71.9,51.57,21.73
,2024-09-04T10:53:27.424421Z,-0.24,-0.67,-0.37
,2024-09-04T10:53:27.681049Z,1.04,0.49,0.67
,2024-09-04T10:53:28.035724Z,1.1,1.4,1.1
,2024-09-04T10:53:28.32593Z,-2.93,-2.38,-1.53
,2024-09-04T10:53:28.58259Z,-1.1,-1.16,-0.73
,2024-09-04T10:53:29.145122Z,1.04,-0.18,0.18
,2024-09-04T10:53:29.452376Z,-0.49,-0.92,-0.49
,2024-09-04T10:53:29.73421Z,-0.61,-0.92,-0.49
,2024-09-04T10:53:30.486946Z,-0.24,-0.73,-0.37
,2024-09-04T10:53:31.807313Z,-0.98,-1.1,-0.67
,2024-09-04T10:53:32.470491Z,0,-0.67,-0.31
,2024-09-04T10:53:33.521118Z,-1.1,-1.16,-0.67
,2024-09-04T10:53:35.090528Z,0.98,-0.18,0.18
,2024-09-04T10:53:35.504007Z,-1.59,-1.28,-0.92
,2024-09-04T10:53:36.503583Z,-0.31,-0.85,-0.37
,2024-09-04T10:53:37.643729Z,-11.6,-7.63,-5.74
,2024-09-04T10:53:38.54841Z,-4.27,-2.44,-2.26
,2024-09-04T10:53:39.843699Z,2.08,0,0.31
,2024-09-04T10:53:40.716888Z,0.12,-0.67,-0.31
,2024-09-04T10:53:41.654174Z,-0.12,-0.79,-0.43
,2024-09-04T10:53:42.543336Z,1.83,0.37,0.55
,2024-09-04T10:53:43.567966Z,0.31,-0.55,-0.18
,2024-09-04T10:53:44.577837Z,0.06,-0.61,-0.18
,2024-09-04T10:53:45.587785Z,0.61,-0.43,-0.06
,2024-09-04T10:53:46.688899Z,0,-0.67,-0.24
,2024-09-04T10:53:47.610043Z,-0.49,-0.98,-0.49
,2024-09-04T10:53:48.908576Z,-0.06,-0.73,-0.37
,2024-09-04T10:53:49.587991Z,-0.37,-0.49,-0.37
,2024-09-04T10:53:51.106915Z,0.18,-0.61,-0.24
,2024-09-04T10:53:51.597842Z,0.18,-0.61,-0.24
,2024-09-04T10:53:52.593848Z,0.61,-0.55,-0.06
,2024-09-04T10:53:53.598129Z,-0.37,-0.79,-0.43
,2024-09-04T10:53:54.60352Z,-0.43,-0.79,-0.49
,2024-09-04T10:53:55.607649Z,-0.18,-0.85,-0.37
,2024-09-04T10:53:56.746093Z,-0.24,-0.79,-0.37
,2024-09-04T10:53:58.327162Z,-0.31,-0.79,-0.37
,2024-09-04T10:53:59.580785Z,-0.24,-0.79,-0.43
,2024-09-04T10:53:59.973529Z,-0.31,-0.79,-0.43
,2024-09-04T10:54:00.639994Z,-0.31,-0.73,-0.43
,2024-09-04T10:54:01.642268Z,-0.31,-0.79,-0.43
,2024-09-04T10:54:02.894549Z,-0.31,-0.73,-0.43
,2024-09-04T10:54:03.913845Z,-0.31,-0.79,-0.37
,2024-09-04T10:54:06.236293Z,-0.31,-0.79,-0.43
,2024-09-04T10:54:06.532504Z,-0.31,-0.85,-0.43
,2024-09-04T10:54:06.827088Z,-0.18,-0.79,-0.37
,2024-09-04T10:54:07.707815Z,-0.18,-0.79,-0.43
,2024-09-04T10:54:09.081928Z,-0.31,-0.79,-0.37
,2024-09-04T10:54:09.73641Z,-0.24,-0.79,-0.43
,2024-09-04T10:54:10.68983Z,-0.18,-0.79,-0.37
,2024-09-04T10:54:11.84993Z,-0.37,-0.85,-0.49
,2024-09-04T10:54:12.716449Z,-0.24,-0.79,-0.37
,2024-09-04T10:54:13.701333Z,-0.12,-0.73,-0.37
,2024-09-04T10:54:14.717739Z,-1.16,-1.1,-0.73
,2024-09-04T10:54:15.736005Z,-0.24,-0.79,-0.43
,2024-09-04T10:54:16.813859Z,-0.37,-0.79,-0.43
,2024-09-04T10:54:17.72229Z,-0.31,-0.79,-0.43
,2024-09-04T10:54:18.822409Z,-0.24,-0.79,-0.37
,2024-09-04T10:54:19.74233Z,-0.37,-0.79,-0.43
,2024-09-04T10:54:20.83881Z,-0.24,-0.79,-0.43
,2024-09-04T10:54:22.195606Z,-0.31,-0.85,-0.49
,2024-09-04T10:54:23.361424Z,-0.31,-0.85,-0.43
,2024-09-04T10:54:23.774524Z,-0.31,-0.79,-0.43
,2024-09-04T10:54:25.455325Z,-0.24,-0.79,-0.43
,2024-09-04T10:54:25.793197Z,-0.12,-0.73,-0.37
,2024-09-04T10:54:27.033368Z,-0.18,-0.98,-0.49
,2024-09-04T10:54:27.782941Z,-0.18,-0.79,-0.37
,2024-09-04T10:54:28.882288Z,-0.06,-0.73,-0.37
,2024-09-04T10:54:29.794171Z,-0.31,-0.79,-0.43
,2024-09-04T10:54:30.869754Z,-0.31,-0.79,-0.43
,2024-09-04T10:54:31.82203Z,-0.31,-0.85,-0.49
,2024-09-04T10:54:32.834676Z,-0.24,-0.79,-0.37
,2024-09-04T10:54:33.829303Z,-0.24,-0.79,-0.43
,2024-09-04T10:54:34.884448Z,-0.43,-0.92,-0.49
,2024-09-04T10:54:35.841294Z,-0.24,-0.79,-0.37
,2024-09-04T10:54:36.921566Z,-0.37,-0.79,-0.43
,2024-09-04T10:54:38.05855Z,-0.18,-0.73,-0.37
,2024-09-04T10:54:39.201444Z,-0.18,-0.79,-0.43
,2024-09-04T10:54:39.842904Z,-0.24,-0.73,-0.43
,2024-09-04T10:54:40.861564Z,-0.31,-0.79,-0.43
,2024-09-04T10:54:41.867202Z,-0.18,-0.79,-0.43
,2024-09-04T10:54:43.024376Z,-0.31,-0.85,-0.43
,2024-09-04T10:54:44.325686Z,-0.18,-0.85,-0.43
,2024-09-04T10:54:44.907721Z,-0.24,-0.79,-0.49
,2024-09-04T10:54:45.952869Z,-0.31,-0.79,-0.37
,2024-09-04T10:54:46.933723Z,-0.24,-0.79,-0.43
,2024-09-04T10:54:47.898786Z,-0.18,-0.79,-0.43
,2024-09-04T10:54:48.916941Z,-0.31,-0.79,-0.43
,2024-09-04T10:54:49.91761Z,-0.24,-0.79,-0.43
,2024-09-04T10:54:50.939386Z,-0.18,-0.67,-0.43
,2024-09-04T10:54:51.923369Z,-0.24,-0.79,-0.49
,2024-09-04T10:54:52.917048Z,-0.37,-0.85,-0.49
,2024-09-04T10:54:53.935634Z,-0.18,-0.79,-0.43
,2024-09-04T10:54:55.264539Z,-0.31,-0.79,-0.43
,2024-09-04T10:54:55.937836Z,-0.18,-0.79,-0.43
,2024-09-04T10:54:56.949169Z,-0.24,-0.79,-0.43
,2024-09-04T10:54:57.93379Z,-0.37,-0.79,-0.43
,2024-09-04T10:54:58.954424Z,-0.31,-0.79,-0.43
,2024-09-04T10:54:59.958387Z,-0.43,-0.79,-0.49
,2024-09-04T10:55:01.072701Z,-0.06,-0.73,-0.43
,2024-09-04T10:55:01.980642Z,-0.24,-0.79,-0.43
,2024-09-04T10:55:02.976857Z,-0.24,-0.79,-0.43
,2024-09-04T10:55:04.274408Z,-0.24,-0.79,-0.43
,2024-09-04T10:55:04.99311Z,-0.37,-0.79,-0.43
,2024-09-04T10:55:06.003132Z,-0.31,-0.79,-0.49
,2024-09-04T10:55:07.039828Z,-0.31,-0.85,-0.49
,2024-09-04T10:55:07.994204Z,-0.31,-0.79,-0.43
,2024-09-04T10:55:08.994434Z,-0.24,-0.79,-0.43
,2024-09-04T10:55:10.025074Z,-0.24,-0.79,-0.49
,2024-09-04T10:55:11.349679Z,-0.31,-0.85,-0.43
,2024-09-04T10:55:12.028032Z,-0.31,-0.79,-0.43
,2024-09-04T10:55:13.063698Z,-0.24,-0.79,-0.43
,2024-09-04T10:55:14.051652Z,-0.24,-0.79,-0.37
,2024-09-04T10:55:15.050145Z,-0.24,-0.85,-0.43
,2024-09-04T10:55:16.062425Z,-0.31,-0.79,-0.49
,2024-09-04T10:55:17.484847Z,-0.18,-0.79,-0.43
,2024-09-04T10:55:18.071835Z,-0.24,-0.79,-0.43
,2024-09-04T10:55:19.225268Z,-0.24,-0.79,-0.49
,2024-09-04T10:55:20.351122Z,-0.24,-0.79,-0.43
,2024-09-04T10:55:21.1769Z,-0.24,-0.85,-0.49
,2024-09-04T10:55:22.195306Z,-0.24,-0.79,-0.43
,2024-09-04T10:55:23.42399Z,-0.31,-0.79,-0.49
,2024-09-04T10:55:24.093453Z,-0.24,-0.79,-0.43
,2024-09-04T10:55:25.268475Z,-0.18,-0.73,-0.43
,2024-09-04T10:55:26.119135Z,-0.31,-0.85,-0.49
,2024-09-04T10:55:27.665722Z,-0.31,-0.85,-0.49
,2024-09-04T10:55:28.123974Z,-0.24,-0.79,-0.43
,2024-09-04T10:55:29.262203Z,-0.37,-0.85,-0.49
,2024-09-04T10:55:30.140954Z,-0.24,-0.85,-0.49
,2024-09-04T10:55:31.206882Z,-0.37,-0.85,-0.49
,2024-09-04T10:55:32.234494Z,-0.18,-0.79,-0.43
,2024-09-04T10:55:33.153701Z,-0.18,-0.79,-0.43
,2024-09-04T10:55:34.279602Z,-0.24,-0.79,-0.49
,2024-09-04T10:55:35.302935Z,-0.24,-0.79,-0.43
,2024-09-04T10:55:36.22354Z,-0.18,-0.79,-0.49
,2024-09-04T10:55:37.249527Z,-0.31,-0.85,-0.43
,2024-09-04T10:55:38.226411Z,-0.24,-0.79,-0.43
,2024-09-04T10:55:39.194017Z,-0.24,-0.79,-0.49
,2024-09-04T10:55:40.423255Z,-0.24,-0.79,-0.49
,2024-09-04T10:55:41.221035Z,-0.37,-0.79,-0.49
,2024-09-04T10:55:42.265027Z,-0.18,-0.79,-0.49
,2024-09-04T10:55:43.702951Z,-0.24,-0.85,-0.49
,2024-09-04T10:55:44.415193Z,-0.24,-0.85,-0.49
,2024-09-04T10:55:45.214436Z,-0.31,-0.85,-0.49
,2024-09-04T10:55:46.209695Z,-0.31,-0.85,-0.49
,2024-09-04T10:55:47.385966Z,-0.18,-0.79,-0.49
,2024-09-04T10:55:48.30653Z,-0.31,-0.79,-0.43
,2024-09-04T10:55:49.330278Z,-0.24,-0.79,-0.43
,2024-09-04T10:55:50.355882Z,-0.24,-0.79,-0.49
,2024-09-04T10:55:51.276559Z,-0.24,-0.79,-0.43
,2024-09-04T10:55:52.402787Z,-0.18,-0.79,-0.43
,2024-09-04T10:55:53.324002Z,-0.31,-0.79,-0.43
,2024-09-04T10:55:54.248823Z,-0.24,-0.79,-0.43
,2024-09-04T10:55:55.371239Z,-0.18,-0.79,-0.43
,2024-09-04T10:55:56.395071Z,-0.12,-0.79,-0.43
,2024-09-04T10:55:57.319993Z,-0.24,-0.79,-0.49
,2024-09-04T10:55:58.342267Z,-0.24,-0.79,-0.43
,2024-09-04T10:55:59.77507Z,-0.24,-0.79,-0.49
,2024-09-04T10:56:00.312306Z,-0.18,-0.79,-0.49
,2024-09-04T10:56:01.3233Z,-0.31,-0.85,-0.49
,2024-09-04T10:56:02.298714Z,-0.12,-0.73,-0.43
,2024-09-04T10:56:03.358864Z,-0.24,-0.79,-0.49
,2024-09-04T10:56:04.417514Z,-0.24,-0.79,-0.49
,2024-09-04T10:56:05.407134Z,-0.37,-0.79,-0.49
,2024-09-04T10:56:06.319001Z,-0.31,-0.79,-0.49
,2024-09-04T10:56:07.557183Z,-0.24,-0.79,-0.49
,2024-09-04T10:56:08.37673Z,-0.24,-0.79,-0.49
,2024-09-04T10:56:09.452842Z,-0.24,-0.79,-0.49
,2024-09-04T10:56:10.415038Z,-0.24,-0.79,-0.49
,2024-09-04T10:56:11.394253Z,-0.31,-0.79,-0.49
,2024-09-04T10:56:12.363089Z,-0.24,-0.79,-0.49
,2024-09-04T10:56:13.365123Z,-0.24,-0.79,-0.55
,2024-09-04T10:56:14.393666Z,-0.24,-0.79,-0.49
,2024-09-04T10:56:15.762816Z,-0.31,-0.79,-0.49
,2024-09-04T10:56:16.387465Z,-0.18,-0.79,-0.49
,2024-09-04T10:56:17.492964Z,-0.31,-0.79,-0.49
,2024-09-04T10:56:18.515045Z,-0.24,-0.79,-0.49
,2024-09-04T10:56:19.436584Z,-0.24,-0.85,-0.49
,2024-09-04T10:56:20.664344Z,-0.18,-0.79,-0.49
,2024-09-04T10:56:21.408065Z,-0.31,-0.79,-0.49
,2024-09-04T10:56:22.441056Z,-0.31,-0.79,-0.49
,2024-09-04T10:56:23.533196Z,-0.24,-0.79,-0.49
,2024-09-04T10:56:24.452574Z,-0.24,-0.79,-0.49
,2024-09-04T10:56:25.458504Z,-0.24,-0.85,-0.49
,2024-09-04T10:56:26.456829Z,-0.24,-0.85,-0.55
,2024-09-04T10:56:27.452427Z,-0.24,-0.79,-0.49
,2024-09-04T10:56:28.860134Z,-0.24,-0.79,-0.43
,2024-09-04T10:56:29.471624Z,-0.12,-0.85,-0.49
,2024-09-04T10:56:30.47119Z,-0.31,-0.79,-0.49
,2024-09-04T10:56:31.832307Z,-0.24,-0.79,-0.55
,2024-09-04T10:56:32.464101Z,-0.24,-0.79,-0.49
,2024-09-04T10:56:33.670879Z,-0.31,-0.79,-0.49
,2024-09-04T10:56:34.898951Z,-0.24,-0.79,-0.49
,2024-09-04T10:56:35.511921Z,-0.31,-0.85,-0.49
,2024-09-04T10:56:36.6607Z,-0.31,-0.79,-0.49
,2024-09-04T10:56:37.542564Z,-0.31,-0.85,-0.49
,2024-09-04T10:56:38.5304Z,-0.24,-0.79,-0.49
,2024-09-04T10:56:39.710109Z,-0.31,-0.85,-0.49
,2024-09-04T10:56:40.5341Z,-0.24,-0.79,-0.49
,2024-09-04T10:56:41.552231Z,-0.31,-0.79,-0.49
,2024-09-04T10:56:42.542118Z,-0.24,-0.79,-0.43
,2024-09-04T10:56:43.703949Z,-0.24,-0.79,-0.49
,2024-09-04T10:56:44.632776Z,-0.31,-0.85,-0.49
,2024-09-04T10:56:45.650874Z,-0.24,-0.79,-0.49
,2024-09-04T10:56:46.646981Z,-0.24,-0.79,-0.43
,2024-09-04T10:56:48.005041Z,-0.24,-0.79,-0.49
,2024-09-04T10:56:48.595644Z,-0.24,-0.85,-0.49
,2024-09-04T10:56:49.748293Z,-0.24,-0.79,-0.49
,2024-09-04T10:56:50.771375Z,-0.18,-0.79,-0.43
,2024-09-04T10:56:51.720644Z,-0.18,-0.79,-0.49
,2024-09-04T10:56:52.612121Z,-0.18,-0.79,-0.49
,2024-09-04T10:56:53.597773Z,-0.24,-0.79,-0.49
,2024-09-04T10:56:54.762162Z,-0.24,-0.79,-0.49
,2024-09-04T10:56:55.728849Z,-0.24,-0.79,-0.49
,2024-09-04T10:56:56.708118Z,-0.31,-0.85,-0.49
,2024-09-04T10:56:57.731902Z,-0.24,-0.79,-0.49
,2024-09-04T10:56:58.801899Z,-0.31,-0.79,-0.49
,2024-09-04T10:56:59.611571Z,-0.24,-0.79,-0.49
,2024-09-04T10:57:00.72984Z,-0.24,-0.85,-0.49
,2024-09-04T10:57:01.631772Z,-0.31,-0.85,-0.49
,2024-09-04T10:57:02.755652Z,-0.24,-0.79,-0.49
,2024-09-04T10:57:04.388234Z,-0.18,-0.73,-0.43
,2024-09-04T10:57:04.714634Z,-0.24,-0.79,-0.55
,2024-09-04T10:57:05.723684Z,-0.37,-0.85,-0.55
,2024-09-04T10:57:06.75172Z,-0.31,-0.85,-0.49
,2024-09-04T10:57:07.855581Z,-0.18,-0.79,-0.49
,2024-09-04T10:57:08.995854Z,-0.31,-0.79,-0.49
,2024-09-04T10:57:09.713667Z,-0.31,-0.79,-0.49
,2024-09-04T10:57:10.851168Z,-0.24,-0.79,-0.49
,2024-09-04T10:57:11.703413Z,-0.24,-0.79,-0.49
,2024-09-04T10:57:12.777376Z,-0.24,-0.79,-0.55
,2024-09-04T10:57:13.724113Z,-0.24,-0.79,-0.43
,2024-09-04T10:57:14.707481Z,-0.24,-0.79,-0.55
,2024-09-04T10:57:15.711449Z,-0.12,-0.73,-0.43
,2024-09-04T10:57:16.71948Z,-0.31,-0.85,-0.49
,2024-09-04T10:57:17.898323Z,-0.31,-0.85,-0.49
,2024-09-04T10:57:18.73679Z,-0.18,-0.79,-0.49
,2024-09-04T10:57:20.260516Z,-0.24,-0.79,-0.43
,2024-09-04T10:57:20.877201Z,-0.18,-0.79,-0.49
,2024-09-04T10:57:21.731067Z,-0.24,-0.79,-0.49
,2024-09-04T10:57:22.75111Z,-0.24,-0.79,-0.49
,2024-09-04T10:57:23.761368Z,-0.18,-0.79,-0.49
,2024-09-04T10:57:24.759831Z,-0.24,-0.79,-0.49
,2024-09-04T10:57:25.787532Z,-0.18,-0.79,-0.43
,2024-09-04T10:57:26.915601Z,-0.37,-0.85,-0.55
,2024-09-04T10:57:28.042365Z,-0.31,-0.79,-0.49
,2024-09-04T10:57:29.168405Z,-0.31,-0.85,-0.49
,2024-09-04T10:57:29.783195Z,-0.18,-0.85,-0.49
,2024-09-04T10:57:30.811254Z,-0.37,-0.85,-0.49
,2024-09-04T10:57:31.801667Z,-0.18,-0.79,-0.49
,2024-09-04T10:57:32.854792Z,-0.18,-0.79,-0.43
,2024-09-04T10:57:33.932285Z,-0.37,-0.85,-0.49
,2024-09-04T10:57:35.011506Z,-0.37,-0.85,-0.49
,2024-09-04T10:57:36.438609Z,-0.18,-0.79,-0.43
,2024-09-04T10:57:36.848943Z,-0.31,-0.79,-0.49
,2024-09-04T10:57:38.081007Z,-0.24,-0.79,-0.49
,2024-09-04T10:57:38.896319Z,-0.24,-0.79,-0.49
,2024-09-04T10:57:39.901116Z,-0.31,-0.85,-0.55
,2024-09-04T10:57:40.848858Z,-0.18,-0.79,-0.55
,2024-09-04T10:57:41.846496Z,-0.18,-0.85,-0.55
,2024-09-04T10:57:42.901507Z,-0.37,-0.85,-0.55
,2024-09-04T10:57:43.876363Z,-0.18,-0.79,-0.49
,2024-09-04T10:57:45.143688Z,-0.31,-0.85,-0.49
,2024-09-04T10:57:45.885619Z,-0.24,-0.79,-0.49
,2024-09-04T10:57:46.917542Z,-0.24,-0.85,-0.49
,2024-09-04T10:57:48.214858Z,-0.24,-0.85,-0.49
,2024-09-04T10:57:49.34264Z,-0.31,-0.85,-0.49
,2024-09-04T10:57:49.933044Z,-0.18,-0.79,-0.55
,2024-09-04T10:57:51.081978Z,-0.24,-0.79,-0.43
,2024-09-04T10:57:52.447548Z,-0.24,-0.79,-0.49
,2024-09-04T10:57:52.9624Z,-0.37,-0.85,-0.55
,2024-09-04T10:57:53.932598Z,-0.43,-0.85,-0.55
,2024-09-04T10:57:54.94897Z,-0.18,-0.85,-0.49
,2024-09-04T10:57:56.306283Z,-0.12,-0.79,-0.43
,2024-09-04T10:57:57.124363Z,-0.18,-0.79,-0.43
,2024-09-04T10:57:58.04482Z,-0.31,-0.85,-0.49
,2024-09-04T10:57:58.966882Z,-0.43,-0.92,-0.61
,2024-09-04T10:58:00.19547Z,-0.37,-0.85,-0.55
,2024-09-04T10:58:00.995818Z,-0.31,-0.85,-0.49
,2024-09-04T10:58:01.961751Z,-0.49,-0.92,-0.61
,2024-09-04T10:58:02.965318Z,-0.12,-0.73,-0.43
,2024-09-04T10:58:04.037312Z,-0.31,-0.85,-0.55
,2024-09-04T10:58:04.986095Z,-0.31,-0.85,-0.55
,2024-09-04T10:58:06.116031Z,-0.24,-0.79,-0.49
,2024-09-04T10:58:07.01844Z,-0.18,-0.79,-0.43
,2024-09-04T10:58:08.798251Z,-0.24,-0.79,-0.49
,2024-09-04T10:58:09.048168Z,-0.24,-0.79,-0.49
,2024-09-04T10:58:10.333101Z,-0.18,-0.79,-0.49
,2024-09-04T10:58:11.135292Z,-0.24,-0.79,-0.49
,2024-09-04T10:58:12.027093Z,-0.24,-0.85,-0.55
,2024-09-04T10:58:13.034667Z,-0.24,-0.79,-0.49
,2024-09-04T10:58:14.119379Z,-0.12,-0.79,-0.49
,2024-09-04T10:58:15.076377Z,-0.37,-0.79,-0.55
,2024-09-04T10:58:16.068307Z,-0.24,-0.85,-0.49
,2024-09-04T10:58:17.092336Z,-0.24,-0.79,-0.49
,2024-09-04T10:58:18.058388Z,-0.18,-0.79,-0.49
,2024-09-04T10:58:19.104253Z,-0.24,-0.79,-0.49
,2024-09-04T10:58:20.065906Z,-0.24,-0.85,-0.55
,2024-09-04T10:58:21.186714Z,-0.24,-0.79,-0.55
,2024-09-04T10:58:22.112306Z,-0.24,-0.79,-0.49
,2024-09-04T10:58:23.090632Z,-0.24,-0.79,-0.49
,2024-09-04T10:58:24.475302Z,-0.31,-0.79,-0.49
,2024-09-04T10:58:25.182454Z,-0.24,-0.85,-0.49
,2024-09-04T10:58:26.307148Z,-0.37,-0.85,-0.49
,2024-09-04T10:58:27.22991Z,-0.24,-0.79,-0.49
,2024-09-04T10:58:28.354513Z,-0.18,-0.79,-0.49
,2024-09-04T10:58:29.132729Z,-0.24,-0.79,-0.49
,2024-09-04T10:58:30.197586Z,-0.31,-0.79,-0.49
,2024-09-04T10:58:31.222263Z,-0.24,-0.85,-0.49
,2024-09-04T10:58:32.245616Z,-0.24,-0.85,-0.49
,2024-09-04T10:58:33.155326Z,-0.18,-0.79,-0.43
,2024-09-04T10:58:34.416549Z,-0.24,-0.79,-0.49
,2024-09-04T10:58:35.222506Z,-0.31,-0.85,-0.49
,2024-09-04T10:58:36.182797Z,-0.24,-0.85,-0.49
,2024-09-04T10:58:37.150393Z,-0.37,-0.79,-0.49
,2024-09-04T10:58:38.305311Z,-0.06,-0.79,-0.43
,2024-09-04T10:58:39.334006Z,-0.31,-0.85,-0.61
,2024-09-04T10:58:40.85587Z,-0.37,-0.85,-0.55
,2024-09-04T10:58:41.191149Z,0.06,-0.79,-0.43
,2024-09-04T10:58:42.187789Z,-0.37,-0.85,-0.55
,2024-09-04T10:58:43.407271Z,-0.12,-0.79,-0.49
,2024-09-04T10:58:44.246265Z,-0.18,-0.79,-0.43
,2024-09-04T10:58:45.20513Z,-0.24,-0.79,-0.49
,2024-09-04T10:58:46.685418Z,-0.31,-0.85,-0.49
,2024-09-04T10:58:47.222097Z,-0.31,-0.79,-0.55
,2024-09-04T10:58:48.270228Z,-0.24,-0.79,-0.43
,2024-09-04T10:58:49.225162Z,-0.31,-0.85,-0.49
,2024-09-04T10:58:50.41092Z,-0.24,-0.85,-0.49
,2024-09-04T10:58:51.264983Z,-0.24,-0.79,-0.49
,2024-09-04T10:58:52.327546Z,-0.18,-0.79,-0.49
,2024-09-04T10:58:53.423218Z,0.12,-0.73,-0.37
,2024-09-04T10:58:54.274447Z,-0.24,-0.79,-0.55
,2024-09-04T10:58:55.481234Z,0,-0.79,-0.43
,2024-09-04T10:58:56.779579Z,-0.49,-0.98,-0.61
,2024-09-04T10:58:57.435501Z,-0.24,-0.85,-0.49
,2024-09-04T10:58:58.277701Z,-0.24,-0.85,-0.49
,2024-09-04T10:58:59.688483Z,-0.24,-0.79,-0.49
,2024-09-04T10:59:00.609865Z,-0.24,-0.85,-0.49
,2024-09-04T10:59:01.354422Z,-0.24,-0.79,-0.49
,2024-09-04T10:59:02.351093Z,-0.37,-0.85,-0.55
,2024-09-04T10:59:03.475469Z,-0.31,-0.85,-0.55
,2024-09-04T10:59:04.302282Z,-0.43,-0.92,-0.55
,2024-09-04T10:59:05.312065Z,-0.31,-0.79,-0.55
,2024-09-04T10:59:06.452168Z,-0.18,-0.79,-0.49
,2024-09-04T10:59:07.572969Z,-0.37,-0.85,-0.55
,2024-09-04T10:59:08.49464Z,-0.18,-0.85,-0.49
,2024-09-04T10:59:09.420476Z,-0.24,-0.79,-0.49
,2024-09-04T10:59:10.353782Z,-0.24,-0.79,-0.49
,2024-09-04T10:59:11.424055Z,-0.37,-0.79,-0.49
,2024-09-04T10:59:12.888976Z,-0.24,-0.85,-0.49
,2024-09-04T10:59:13.414003Z,-0.24,-0.79,-0.55
,2024-09-04T10:59:14.374148Z,-0.18,-0.79,-0.49
,2024-09-04T10:59:15.381861Z,-0.43,-0.98,-0.55
,2024-09-04T10:59:16.58407Z,-0.24,-0.85,-0.49
,2024-09-04T10:59:17.405304Z,-0.31,-0.92,-0.61
,2024-09-04T10:59:18.432042Z,-0.37,-0.85,-0.55
,2024-09-04T10:59:19.553621Z,-0.24,-0.85,-0.49
,2024-09-04T10:59:20.42201Z,-0.06,-0.79,-0.43
,2024-09-04T10:59:21.6017Z,-0.24,-0.79,-0.49
,2024-09-04T10:59:22.471586Z,-0.24,-0.79,-0.49
,2024-09-04T10:59:23.461846Z,-0.18,-0.79,-0.49
,2024-09-04T10:59:24.425816Z,-0.24,-0.79,-0.49
,2024-09-04T10:59:25.555453Z,-0.31,-0.79,-0.55
,2024-09-04T10:59:26.467696Z,-0.31,-0.79,-0.49
,2024-09-04T10:59:27.655521Z,-0.24,-0.79,-0.49
,2024-09-04T10:59:28.872816Z,-0.24,-0.85,-0.49
,2024-09-04T10:59:29.588484Z,-0.37,-0.85,-0.61
,2024-09-04T10:59:30.522642Z,-0.24,-0.85,-0.55
,2024-09-04T10:59:31.841581Z,-0.24,-0.79,-0.49
,2024-09-04T10:59:32.471496Z,-0.31,-0.79,-0.49
,2024-09-04T10:59:33.591807Z,-0.31,-0.85,-0.49
,2024-09-04T10:59:34.486065Z,-0.31,-0.85,-0.55
,2024-09-04T10:59:35.510369Z,-0.24,-0.79,-0.55
,2024-09-04T10:59:36.518007Z,-0.24,-0.79,-0.49
,2024-09-04T10:59:37.575616Z,-0.43,-0.85,-0.55
,2024-09-04T10:59:38.495637Z,-0.18,-0.79,-0.49
,2024-09-04T10:59:39.623922Z,-0.43,-0.85,-0.61
,2024-09-04T10:59:40.749908Z,-0.24,-0.79,-0.49
,2024-09-04T10:59:41.545533Z,-0.31,-0.79,-0.49
,2024-09-04T10:59:42.547391Z,-0.49,-0.85,-0.55
,2024-09-04T10:59:43.720492Z,-0.12,-0.73,-0.43
,2024-09-04T10:59:45.053114Z,-0.31,-0.85,-0.55
,2024-09-04T10:59:45.815805Z,-0.24,-0.79,-0.49
,2024-09-04T10:59:46.561553Z,-0.24,-0.79,-0.49
,2024-09-04T10:59:47.713545Z,-0.31,-0.79,-0.49
,2024-09-04T10:59:48.951541Z,-0.24,-0.79,-0.49
,2024-09-04T10:59:49.65873Z,-0.18,-0.79,-0.49
,2024-09-04T10:59:50.785805Z,-0.24,-0.79,-0.49
,2024-09-04T10:59:51.604476Z,-0.31,-0.85,-0.55
,2024-09-04T10:59:52.733798Z,0,-0.73,-0.37
,2024-09-04T10:59:53.586896Z,-0.37,-0.79,-0.49
,2024-09-04T10:59:54.583788Z,-0.24,-0.85,-0.49
,2024-09-04T10:59:55.718196Z,-0.24,-0.85,-0.55
,2024-09-04T10:59:56.662599Z,-0.43,-0.85,-0.61
,2024-09-04T10:59:57.623336Z,-0.31,-0.85,-0.55
,2024-09-04T10:59:58.77257Z,-0.24,-0.85,-0.49
,2024-09-04T10:59:59.624735Z,-0.31,-0.79,-0.55
,2024-09-04T11:00:01.362361Z,-0.24,-0.79,-0.49
,2024-09-04T11:00:01.652119Z,-0.31,-0.85,-0.49
,2024-09-04T11:00:02.659136Z,-0.24,-0.79,-0.43
,2024-09-04T11:00:03.654683Z,-0.55,-0.98,-0.61
,2024-09-04T11:00:04.639543Z,-0.37,-0.85,-0.55
,2024-09-04T11:00:05.638785Z,-0.55,-0.92,-0.67
,2024-09-04T11:00:06.883793Z,-0.37,-0.85,-0.55
,2024-09-04T11:00:07.889039Z,-0.31,-0.79,-0.49
,2024-09-04T11:00:08.663579Z,-0.24,-0.85,-0.49
,2024-09-04T11:00:09.832148Z,-0.31,-0.79,-0.49
,2024-09-04T11:00:10.674207Z,-0.24,-0.79,-0.49
,2024-09-04T11:00:11.701592Z,-0.18,-0.85,-0.49
,2024-09-04T11:00:12.741009Z,-0.31,-0.85,-0.55
,2024-09-04T11:00:13.824842Z,-0.31,-0.85,-0.55
,2024-09-04T11:00:14.713011Z,-0.18,-0.79,-0.55
,2024-09-04T11:00:15.748252Z,-0.12,-0.73,-0.49
,2024-09-04T11:00:17.144371Z,-0.24,-0.85,-0.55
,2024-09-04T11:00:17.920586Z,-0.37,-0.85,-0.55
,2024-09-04T11:00:18.844283Z,-0.24,-0.85,-0.55
,2024-09-04T11:00:19.728933Z,-0.37,-0.85,-0.55
,2024-09-04T11:00:20.73016Z,-0.12,-0.79,-0.49
,2024-09-04T11:00:21.796594Z,-0.12,-0.73,-0.43
,2024-09-04T11:00:22.753467Z,-0.06,-0.73,-0.49
,2024-09-04T11:00:23.813051Z,-0.31,-0.92,-0.55
,2024-09-04T11:00:24.750517Z,-0.24,-0.79,-0.49
,2024-09-04T11:00:26.413413Z,-0.18,-0.79,-0.49
,2024-09-04T11:00:26.830216Z,-0.24,-0.85,-0.49
,2024-09-04T11:00:27.771285Z,-0.24,-0.85,-0.55
,2024-09-04T11:00:28.881972Z,-0.24,-0.79,-0.49
,2024-09-04T11:00:29.90198Z,-0.18,-0.79,-0.49
,2024-09-04T11:00:30.793326Z,-0.18,-0.85,-0.55
,2024-09-04T11:00:32.002225Z,-0.31,-0.85,-0.49
,2024-09-04T11:00:33.386364Z,-0.24,-0.79,-0.49
,2024-09-04T11:00:33.8164Z,-0.24,-0.85,-0.49
,2024-09-04T11:00:34.843603Z,-0.24,-0.79,-0.49
,2024-09-04T11:00:35.942512Z,-0.31,-0.85,-0.49
,2024-09-04T11:00:36.969475Z,-0.31,-0.85,-0.49
,2024-09-04T11:00:38.19542Z,-0.24,-0.79,-0.49
,2024-09-04T11:00:38.869924Z,-0.24,-0.79,-0.49
,2024-09-04T11:00:39.939651Z,-0.12,-0.73,-0.43
,2024-09-04T11:00:40.960302Z,-0.55,-0.98,-0.67
,2024-09-04T11:00:41.873224Z,-0.12,-0.73,-0.43
,2024-09-04T11:00:43.008142Z,-0.18,-0.85,-0.55
,2024-09-04T11:00:43.901309Z,-0.18,-0.79,-0.49
,2024-09-04T11:00:44.887692Z,-0.24,-0.79,-0.49
,2024-09-04T11:00:46.411632Z,-0.31,-0.79,-0.49
,2024-09-04T11:00:47.001522Z,-0.24,-0.79,-0.49
,2024-09-04T11:00:48.025965Z,-0.24,-0.79,-0.49
,2024-09-04T11:00:49.459178Z,-0.06,-0.73,-0.43
,2024-09-04T11:00:49.901509Z,-0.18,-0.85,-0.55
,2024-09-04T11:00:51.000674Z,-0.31,-0.85,-0.49
,2024-09-04T11:00:51.94439Z,-0.24,-0.79,-0.49
,2024-09-04T11:00:52.913352Z,-0.24,-0.85,-0.55
,2024-09-04T11:00:53.919919Z,-0.24,-0.79,-0.55
,2024-09-04T11:00:54.959718Z,-0.24,-0.79,-0.49
,2024-09-04T11:00:55.925029Z,-0.24,-0.79,-0.55
,2024-09-04T11:00:57.046612Z,-0.31,-0.79,-0.49
,2024-09-04T11:00:58.061817Z,-0.31,-0.85,-0.49
,2024-09-04T11:00:58.981991Z,-0.24,-0.79,-0.49
,2024-09-04T11:00:59.968195Z,-0.31,-0.85,-0.55
,2024-09-04T11:01:00.949274Z,-0.24,-0.85,-0.49
,2024-09-04T11:01:02.054589Z,-0.31,-0.85,-0.49
,2024-09-04T11:01:02.958439Z,-0.24,-0.79,-0.49
,2024-09-04T11:01:03.959339Z,-0.31,-0.85,-0.55
,2024-09-04T11:01:05.337961Z,-0.18,-0.79,-0.43
,2024-09-04T11:01:05.982612Z,-0.31,-0.85,-0.55
,2024-09-04T11:01:07.071737Z,-0.18,-0.79,-0.49
,2024-09-04T11:01:08.197748Z,-0.18,-0.79,-0.49
,2024-09-04T11:01:09.427253Z,-0.31,-0.85,-0.49
,2024-09-04T11:01:10.045332Z,-0.37,-0.85,-0.55
,2024-09-04T11:01:11.066558Z,-0.24,-0.85,-0.55
,2024-09-04T11:01:15.737041Z,-0.24,-0.85,-0.55
,2024-09-04T11:01:17.954254Z,-0.37,-0.85,-0.49
,2024-09-04T11:01:18.209807Z,-0.18,-0.79,-0.49
,2024-09-04T11:01:18.478969Z,-0.18,-0.73,-0.43
,2024-09-04T11:01:18.970048Z,-0.73,-0.92,-0.61
,2024-09-04T11:01:19.248983Z,-0.12,-0.85,-0.49
,2024-09-04T11:01:19.507847Z,25.88,344.54,-176.94
,2024-09-04T11:01:19.757064Z,61.52,57.5,-120.36
,2024-09-04T11:01:20.178827Z,-90.45,-101.87,24.29
,2024-09-04T11:01:21.625638Z,-96.5,382.81,205.81
,2024-09-04T11:01:22.101111Z,110.66,-333.5,44.74
,2024-09-04T11:01:23.206247Z,2.01,-19.59,-22.22
,2024-09-04T11:01:24.078572Z,-61.52,20.39,20.94
,2024-09-04T11:01:25.09204Z,-271.91,-278.93,458.07
,2024-09-04T11:01:26.117655Z,-137.7,-113.65,66.83
,2024-09-04T11:01:27.111846Z,23.01,-153.5,-46.2
,2024-09-04T11:01:28.108014Z,-38.7,-80.02,-33.26
,2024-09-04T11:01:29.200145Z,1.34,-30.58,-64.15
,2024-09-04T11:01:30.132022Z,-75.74,55.97,76.54
,2024-09-04T11:01:31.12872Z,77.03,-26.25,-38.51
,2024-09-04T11:01:32.131594Z,-0.12,-0.73,-1.04
,2024-09-04T11:01:33.192455Z,0.06,-0.73,-0.73
,2024-09-04T11:01:34.312096Z,1.83,1.4,0.06
,2024-09-04T11:01:35.165328Z,0.12,-1.4,0.49
,2024-09-04T11:01:36.19006Z,-0.67,-1.1,-1.04
,2024-09-04T11:01:37.790986Z,0.85,0.61,-0.67
,2024-09-04T11:01:38.203816Z,-0.06,-0.61,-0.37
,2024-09-04T11:01:39.208819Z,-0.18,-0.61,-0.37
,2024-09-04T11:01:40.453852Z,0.06,-0.61,0.06
,2024-09-04T11:01:41.374936Z,0.43,-0.12,0
,2024-09-04T11:01:42.50136Z,-0.24,-0.67,-1.28
,2024-09-04T11:01:43.189169Z,0.79,0.85,-1.28
,2024-09-04T11:01:44.447062Z,-0.49,-1.46,0.49
,2024-09-04T11:01:45.282684Z,-0.79,-1.34,-0.79
,2024-09-04T11:01:46.392536Z,0,-0.49,-0.55
,2024-09-04T11:01:47.409425Z,-0.31,-0.79,-0.61
,2024-09-04T11:01:50.386082Z,0.06,-0.55,-0.24
,2024-09-04T11:01:50.730248Z,-0.24,-0.79,-0.31
,2024-09-04T11:01:50.98715Z,-0.31,-0.92,-0.55
,2024-09-04T11:01:51.40574Z,0,-0.55,-0.18
,2024-09-04T11:01:52.331431Z,0.24,-0.06,-0.43
,2024-09-04T11:01:53.82636Z,-0.37,-0.85,-0.79
,2024-09-04T11:01:54.248087Z,-0.24,-0.79,-0.55
,2024-09-04T11:01:55.304524Z,-0.49,-1.04,-0.73
,2024-09-04T11:01:56.26187Z,-0.31,-0.85,-0.49
,2024-09-04T11:01:57.350701Z,-0.12,-0.67,-0.24
,2024-09-04T11:01:58.274503Z,0.24,-0.43,-0.12
,2024-09-04T11:01:59.500115Z,-0.73,-1.16,-0.92
,2024-09-04T11:02:00.424869Z,-1.1,-1.46,-1.4
,2024-09-04T11:02:01.35886Z,0.12,-0.55,-0.31
,2024-09-04T11:02:02.318207Z,0.24,-0.37,0.18
,2024-09-04T11:02:03.300468Z,-0.67,-1.16,-0.92
,2024-09-04T11:02:04.418966Z,-0.06,-0.61,-0.37
,2024-09-04T11:02:05.438814Z,0.18,-0.55,-0.12
,2024-09-04T11:02:06.358854Z,-0.43,-1.04,-0.49
,2024-09-04T11:02:07.590902Z,0.73,0,0.43
,2024-09-04T11:02:08.343569Z,-0.18,-0.79,-0.24
,2024-09-04T11:02:09.894686Z,-0.79,-1.28,-1.1
,2024-09-04T11:02:10.35349Z,-0.18,-0.73,-0.37
,2024-09-04T11:02:11.365102Z,-0.06,-0.67,-0.18
,2024-09-04T11:02:12.710395Z,-0.18,-0.79,-0.43
,2024-09-04T11:02:13.528179Z,-0.37,-0.92,-0.55
,2024-09-04T11:02:14.407936Z,-0.12,-0.73,-0.43
,2024-09-04T11:02:15.376113Z,-0.06,-0.67,-0.24
,2024-09-04T11:02:16.371783Z,-0.24,-0.79,-0.43
,2024-09-04T11:02:17.629818Z,-0.24,-0.79,-0.55
,2024-09-04T11:02:18.386292Z,-0.24,-0.85,-0.55
,2024-09-04T11:02:19.479934Z,-0.31,-0.79,-0.49
,2024-09-04T11:02:20.655604Z,-0.24,-0.79,-0.55
,2024-09-04T11:02:21.407382Z,-0.24,-0.85,-0.43
,2024-09-04T11:02:22.443079Z,-0.43,-0.98,-0.67
,2024-09-04T11:02:23.563579Z,-0.24,-0.73,-0.43
,2024-09-04T11:02:24.487414Z,-0.24,-0.79,-0.43
,2024-09-04T11:02:25.827686Z,-0.37,-0.92,-0.61
,2024-09-04T11:02:26.533149Z,-0.12,-0.73,-0.43
,2024-09-04T11:02:27.453984Z,-0.24,-0.85,-0.43
,2024-09-04T11:02:28.56653Z,-0.31,-0.85,-0.55
,2024-09-04T11:02:29.514484Z,-0.18,-0.73,-0.37
,2024-09-04T11:02:30.940752Z,-0.24,-0.79,-0.43
,2024-09-04T11:02:31.550545Z,-0.18,-0.79,-0.43
,2024-09-04T11:02:32.576865Z,-0.18,-0.79,-0.37
,2024-09-04T11:02:33.469135Z,-0.37,-0.92,-0.73
,2024-09-04T11:02:34.571698Z,-0.24,-0.79,-0.43
,2024-09-04T11:02:35.525934Z,-0.18,-0.73,-0.43
,2024-09-04T11:02:36.487679Z,-0.24,-0.79,-0.43
,2024-09-04T11:02:37.629112Z,-0.12,-0.73,-0.37
,2024-09-04T11:02:38.516429Z,-0.31,-0.85,-0.49
,2024-09-04T11:02:39.640032Z,-0.31,-0.92,-0.55
,2024-09-04T11:02:40.513219Z,-0.12,-0.67,-0.31
,2024-09-04T11:02:42.097149Z,-0.31,-0.85,-0.55
,2024-09-04T11:02:42.536416Z,-0.24,-0.79,-0.49
,2024-09-04T11:02:43.531024Z,-0.24,-0.79,-0.49
,2024-09-04T11:02:44.762844Z,-0.31,-0.85,-0.49
,2024-09-04T11:02:45.53646Z,-0.18,-0.73,-0.49
,2024-09-04T11:02:46.552362Z,-0.31,-0.85,-0.49
,2024-09-04T11:02:47.579375Z,-0.24,-0.79,-0.49
,2024-09-04T11:02:48.568576Z,-0.24,-0.79,-0.43
,2024-09-04T11:02:49.78041Z,-0.24,-0.79,-0.43
,2024-09-04T11:02:50.561045Z,-0.24,-0.79,-0.49
,2024-09-04T11:02:51.59136Z,-0.24,-0.85,-0.49
,2024-09-04T11:02:52.719066Z,-0.18,-0.79,-0.43
,2024-09-04T11:02:53.580739Z,-0.18,-0.79,-0.43
,2024-09-04T11:02:54.590847Z,-0.12,-0.67,-0.37
,2024-09-04T11:02:55.717988Z,-0.37,-0.85,-0.61
,2024-09-04T11:02:56.584901Z,-0.12,-0.73,-0.31
,2024-09-04T11:02:58.173681Z,-0.24,-0.79,-0.49
,2024-09-04T11:02:58.713761Z,-0.37,-0.85,-0.61
,2024-09-04T11:02:59.709648Z,-0.18,-0.73,-0.49
,2024-09-04T11:03:00.647007Z,-0.31,-0.79,-0.55
,2024-09-04T11:03:01.866557Z,-0.24,-0.85,-0.49
,2024-09-04T11:03:02.649703Z,-0.24,-0.79,-0.55
,2024-09-04T11:03:03.804971Z,-0.24,-0.79,-0.43
,2024-09-04T11:03:04.656922Z,-0.31,-0.85,-0.49
,2024-09-04T11:03:05.674187Z,-0.24,-0.79,-0.43
,2024-09-04T11:03:06.701546Z,-0.37,-0.85,-0.49
,2024-09-04T11:03:07.862696Z,-0.24,-0.85,-0.49
,2024-09-04T11:03:08.925373Z,-0.18,-0.73,-0.43
,2024-09-04T11:03:09.84705Z,-0.24,-0.79,-0.49
,2024-09-04T11:03:10.768596Z,-0.24,-0.73,-0.43
,2024-09-04T11:03:11.896038Z,-0.37,-0.85,-0.61
,2024-09-04T11:03:12.74012Z,-0.31,-0.85,-0.49
,2024-09-04T11:03:14.355686Z,-0.06,-0.67,-0.31
,2024-09-04T11:03:14.80077Z,-0.31,-0.85,-0.49
,2024-09-04T11:03:15.786381Z,-0.31,-0.79,-0.55
,2024-09-04T11:03:16.723894Z,-0.31,-0.85,-0.49
,2024-09-04T11:03:17.834118Z,-0.18,-0.73,-0.37
,2024-09-04T11:03:18.755698Z,-0.49,-0.98,-0.67
,2024-09-04T11:03:19.73143Z,-0.18,-0.73,-0.49
,2024-09-04T11:03:20.907492Z,-0.31,-0.85,-0.43
,2024-09-04T11:03:21.827961Z,-0.31,-0.85,-0.55
,2024-09-04T11:03:22.791342Z,-0.37,-0.85,-0.61
,2024-09-04T11:03:23.773217Z,-0.12,-0.73,-0.37
,2024-09-04T11:03:24.899663Z,-0.31,-0.85,-0.55
,2024-09-04T11:03:25.823903Z,-0.37,-0.85,-0.61
,2024-09-04T11:03:26.762362Z,-0.24,-0.79,-0.43
,2024-09-04T11:03:27.792955Z,-0.18,-0.79,-0.37
,2024-09-04T11:03:28.997045Z,-0.12,-0.73,-0.43
,2024-09-04T11:03:30.327707Z,-0.31,-0.85,-0.49
,2024-09-04T11:03:30.817313Z,-0.18,-0.73,-0.37
,2024-09-04T11:03:31.820355Z,-0.37,-0.85,-0.55
,2024-09-04T11:03:32.822357Z,-0.18,-0.73,-0.43
,2024-09-04T11:03:33.822801Z,-0.24,-0.79,-0.43
,2024-09-04T11:03:34.938079Z,-0.18,-0.79,-0.43
,2024-09-04T11:03:35.838768Z,-0.24,-0.79,-0.43
,2024-09-04T11:03:36.891785Z,-0.24,-0.79,-0.43
,2024-09-04T11:03:38.008061Z,-0.18,-0.79,-0.49
,2024-09-04T11:03:38.928753Z,-0.43,-0.98,-0.67
,2024-09-04T11:03:39.843454Z,-0.18,-0.73,-0.43
,2024-09-04T11:03:41.180893Z,-0.12,-0.73,-0.31
,2024-09-04T11:03:41.921122Z,-0.37,-0.92,-0.61
,2024-09-04T11:03:42.886873Z,-0.31,-0.85,-0.55
,2024-09-04T11:03:43.899536Z,-0.24,-0.79,-0.43
,2024-09-04T11:03:45.277547Z,-0.31,-0.79,-0.55
,2024-09-04T11:03:46.406957Z,-0.24,-0.79,-0.49
,2024-09-04T11:03:46.899393Z,-0.18,-0.79,-0.43
,2024-09-04T11:03:48.056042Z,-0.18,-0.73,-0.43
,2024-09-04T11:03:49.065388Z,-0.18,-0.73,-0.43
,2024-09-04T11:03:49.988857Z,-0.31,-0.85,-0.49
,2024-09-04T11:03:51.135241Z,-0.18,-0.79,-0.43
,2024-09-04T11:03:52.036648Z,-0.24,-0.79,-0.49
,2024-09-04T11:03:53.060844Z,-0.31,-0.79,-0.49
,2024-09-04T11:03:53.914714Z,-0.18,-0.79,-0.43
,2024-09-04T11:03:54.912059Z,-0.24,-0.79,-0.49
,2024-09-04T11:03:55.935371Z,-0.24,-0.73,-0.43
,2024-09-04T11:03:57.05695Z,-0.24,-0.79,-0.49
,2024-09-04T11:03:58.180438Z,-0.24,-0.79,-0.49
,2024-09-04T11:03:59.100556Z,-0.24,-0.79,-0.49
,2024-09-04T11:04:00.02207Z,-0.12,-0.73,-0.37
,2024-09-04T11:04:00.956622Z,-0.31,-0.85,-0.55
,2024-09-04T11:04:02.726129Z,-0.31,-0.79,-0.49
,2024-09-04T11:04:03.212648Z,-0.18,-0.73,-0.49
,2024-09-04T11:04:04.118218Z,-0.24,-0.79,-0.55
,2024-09-04T11:04:05.150656Z,-0.24,-0.79,-0.49
,2024-09-04T11:04:06.166013Z,-0.31,-0.85,-0.61
,2024-09-04T11:04:07.089302Z,-0.24,-0.79,-0.43
,2024-09-04T11:04:08.008681Z,-0.24,-0.79,-0.49
,2024-09-04T11:04:09.237952Z,-0.31,-0.79,-0.49
,2024-09-04T11:04:10.159496Z,-0.37,-0.92,-0.55
,2024-09-04T11:04:11.0814Z,-0.24,-0.79,-0.43
,2024-09-04T11:04:12.045135Z,-0.24,-0.79,-0.43
,2024-09-04T11:04:13.019979Z,-0.31,-0.79,-0.49
,2024-09-04T11:04:14.087068Z,-0.24,-0.85,-0.49
,2024-09-04T11:04:15.051106Z,-0.24,-0.85,-0.49
,2024-09-04T11:04:16.100022Z,-0.37,-0.98,-0.61
,2024-09-04T11:04:17.134931Z,-0.24,-0.85,-0.55
,2024-09-04T11:04:18.661703Z,-0.24,-0.79,-0.43
,2024-09-04T11:04:19.273379Z,-0.31,-0.79,-0.43
,2024-09-04T11:04:20.067611Z,-0.24,-0.79,-0.55
,2024-09-04T11:04:21.218559Z,-0.18,-0.79,-0.43
,2024-09-04T11:04:22.095514Z,-0.37,-0.92,-0.61
,2024-09-04T11:04:23.071643Z,-0.24,-0.79,-0.55
,2024-09-04T11:04:24.187973Z,-0.31,-0.79,-0.49
,2024-09-04T11:04:25.212398Z,-0.18,-0.79,-0.43
,2024-09-04T11:04:26.338551Z,-0.31,-0.85,-0.49
,2024-09-04T11:04:27.260083Z,-0.18,-0.73,-0.43
,2024-09-04T11:04:28.181465Z,-0.12,-0.73,-0.37
,2024-09-04T11:04:29.205353Z,-0.24,-0.79,-0.49
,2024-09-04T11:04:30.409228Z,-0.24,-0.79,-0.49
,2024-09-04T11:04:31.253831Z,-0.12,-0.61,-0.24
,2024-09-04T11:04:32.149306Z,-0.24,-0.73,-0.43
,2024-09-04T11:04:33.301589Z,-0.18,-0.73,-0.49
,2024-09-04T11:04:35.451934Z,-0.37,-0.85,-0.55
,2024-09-04T11:04:35.766523Z,-0.24,-0.73,-0.43
,2024-09-04T11:04:36.412348Z,-0.37,-0.85,-0.61
,2024-09-04T11:04:37.397534Z,-0.37,-0.85,-0.55
,2024-09-04T11:04:38.156093Z,-0.31,-0.85,-0.55
,2024-09-04T11:04:39.175025Z,-0.24,-0.85,-0.49
,2024-09-04T11:04:40.366877Z,-0.31,-0.79,-0.49
,2024-09-04T11:04:41.390761Z,-0.24,-0.79,-0.49
,2024-09-04T11:04:42.183393Z,-0.18,-0.73,-0.37
,2024-09-04T11:04:43.337564Z,-0.37,-0.85,-0.55
,2024-09-04T11:04:44.360406Z,-0.06,-0.67,-0.37
,2024-09-04T11:04:45.589319Z,-0.18,-0.73,-0.31
,2024-09-04T11:04:46.224037Z,-0.24,-0.79,-0.49
,2024-09-04T11:04:47.228832Z,-0.37,-0.92,-0.61
,2024-09-04T11:04:48.243841Z,-0.43,-0.92,-0.49
,2024-09-04T11:04:49.283529Z,-0.06,-0.73,-0.31
,2024-09-04T11:04:50.913829Z,0,-0.61,-0.24
,2024-09-04T11:04:51.227295Z,-0.12,-0.67,-0.31
,2024-09-04T11:04:52.243681Z,-0.12,-0.67,-0.31
,2024-09-04T11:04:53.257366Z,-0.24,-0.79,-0.79
,2024-09-04T11:04:54.307461Z,-0.73,-1.22,-1.04
,2024-09-04T11:04:55.419596Z,0,-0.61,-0.31
,2024-09-04T11:04:56.256744Z,-0.18,-0.73,-0.31
,2024-09-04T11:04:57.571326Z,-0.24,-0.73,-0.49
,2024-09-04T11:04:58.277151Z,-0.24,-0.79,-0.49
,2024-09-04T11:04:59.374133Z,-0.31,-0.85,-0.49
,2024-09-04T11:05:00.33688Z,-0.18,-0.73,-0.43
,2024-09-04T11:05:01.358411Z,-0.18,-0.73,-0.37
,2024-09-04T11:05:02.335841Z,-0.24,-0.79,-0.49
,2024-09-04T11:05:03.307692Z,-0.37,-0.92,-0.61
,2024-09-04T11:05:04.533802Z,-0.31,-0.85,-0.61
,2024-09-04T11:05:05.558795Z,-0.24,-0.85,-0.49
,2024-09-04T11:05:07.092892Z,-0.12,-0.67,-0.37
,2024-09-04T11:05:07.400565Z,-0.31,-0.85,-0.55
,2024-09-04T11:05:08.325057Z,-0.31,-0.79,-0.61
,2024-09-04T11:05:09.505121Z,-0.18,-0.79,-0.43
,2024-09-04T11:05:10.4106Z,-0.06,-0.73,-0.43
,2024-09-04T11:05:11.598296Z,-0.18,-0.79,-0.37
,2024-09-04T11:05:12.357709Z,-0.12,-0.73,-0.31
,2024-09-04T11:05:13.353616Z,-0.24,-0.79,-0.43
,2024-09-04T11:05:14.466935Z,-0.12,-0.73,-0.43
,2024-09-04T11:05:15.370441Z,-0.24,-0.79,-0.43
,2024-09-04T11:05:16.513825Z,-0.24,-0.79,-0.43
,2024-09-04T11:05:17.537561Z,-0.18,-0.73,-0.37
,2024-09-04T11:05:18.409453Z,-0.31,-0.79,-0.49
,2024-09-04T11:05:19.431186Z,-0.24,-0.79,-0.55
,2024-09-04T11:05:20.410931Z,-0.24,-0.79,-0.49
,2024-09-04T11:05:21.530972Z,-0.31,-0.85,-0.55
,2024-09-04T11:05:22.778571Z,-0.18,-0.73,-0.37
,2024-09-04T11:05:23.579043Z,-0.12,-0.73,-0.43
,2024-09-04T11:05:24.500561Z,-0.24,-0.79,-0.49
,2024-09-04T11:05:25.626904Z,-0.24,-0.79,-0.49
,2024-09-04T11:05:26.439536Z,-0.24,-0.79,-0.43
,2024-09-04T11:05:27.572539Z,-0.18,-0.79,-0.49
,2024-09-04T11:05:28.471293Z,-0.24,-0.79,-0.49
,2024-09-04T11:05:29.518028Z,-0.37,-0.92,-0.55
,2024-09-04T11:05:30.681584Z,-0.12,-0.73,-0.37
,2024-09-04T11:05:31.437277Z,-0.24,-0.79,-0.49
,2024-09-04T11:05:32.489886Z,-0.18,-0.79,-0.43
,2024-09-04T11:05:33.604392Z,-0.18,-0.73,-0.37
,2024-09-04T11:05:34.48089Z,-0.24,-0.79,-0.49
,2024-09-04T11:05:35.52154Z,-0.24,-0.73,-0.43
,2024-09-04T11:05:36.791841Z,-0.24,-0.79,-0.49
,2024-09-04T11:05:37.476243Z,-0.31,-0.85,-0.55
,2024-09-04T11:05:38.84597Z,-0.24,-0.79,-0.49
,2024-09-04T11:05:39.555283Z,-0.24,-0.79,-0.49
,2024-09-04T11:05:40.679402Z,-0.24,-0.85,-0.55
,2024-09-04T11:05:41.703368Z,-0.18,-0.79,-0.49
,2024-09-04T11:05:42.510988Z,-0.18,-0.73,-0.43
,2024-09-04T11:05:43.53006Z,-0.37,-0.92,-0.55
,2024-09-04T11:05:44.675931Z,-0.24,-0.79,-0.49
,2024-09-04T11:05:45.69872Z,-0.12,-0.73,-0.37
,2024-09-04T11:05:46.722401Z,-0.31,-0.85,-0.55
,2024-09-04T11:05:47.551381Z,-0.24,-0.79,-0.49
,2024-09-04T11:05:48.665906Z,-0.24,-0.85,-0.49
,2024-09-04T11:05:49.690677Z,-0.12,-0.67,-0.31
,2024-09-04T11:05:50.819008Z,-0.24,-0.79,-0.49
,2024-09-04T11:05:51.571155Z,-0.24,-0.79,-0.43
,2024-09-04T11:05:52.66577Z,-0.12,-0.67,-0.31
,2024-09-04T11:05:53.56839Z,-0.37,-0.85,-0.61
,2024-09-04T11:05:55.047315Z,-0.24,-0.85,-0.55
,2024-09-04T11:05:55.600771Z,-0.31,-0.85,-0.49
,2024-09-04T11:05:56.860137Z,-0.06,-0.67,-0.37
,2024-09-04T11:05:57.780115Z,-0.43,-0.98,-0.73
,2024-09-04T11:05:58.805628Z,-0.18,-0.73,-0.43
,2024-09-04T11:05:59.828266Z,-0.24,-0.73,-0.37
,2024-09-04T11:06:00.749589Z,-0.12,-0.61,-0.37
,2024-09-04T11:06:01.814484Z,-0.31,-0.85,-0.55
,2024-09-04T11:06:02.765989Z,-0.37,-0.98,-0.61
,2024-09-04T11:06:03.719193Z,-0.85,-1.28,-1.1
,2024-09-04T11:06:04.743188Z,-0.12,-0.73,-0.43
,2024-09-04T11:06:05.7732Z,-0.12,-0.67,-0.37
,2024-09-04T11:06:06.792274Z,-0.31,-0.85,-0.49
,2024-09-04T11:06:07.670284Z,-0.31,-0.79,-0.49
,2024-09-04T11:06:08.736709Z,-0.18,-0.73,-0.37
,2024-09-04T11:06:09.95713Z,-0.24,-0.79,-0.49
,2024-09-04T11:06:11.501156Z,-0.24,-0.79,-0.49
,2024-09-04T11:06:11.768131Z,-0.31,-0.85,-0.49
,2024-09-04T11:06:12.775627Z,-0.37,-0.92,-0.67
,2024-09-04T11:06:13.688076Z,-0.31,-0.79,-0.49
,2024-09-04T11:06:14.77813Z,-0.24,-0.79,-0.37
,2024-09-04T11:06:15.706463Z,-0.12,-0.67,-0.37
,2024-09-04T11:06:16.826717Z,-0.43,-0.98,-0.61
,2024-09-04T11:06:17.850598Z,-0.31,-0.85,-0.61
,2024-09-04T11:06:18.775835Z,-0.24,-0.79,-0.37
,2024-09-04T11:06:19.720302Z,-0.12,-0.67,-0.37
,2024-09-04T11:06:20.819447Z,-0.55,-1.04,-0.79
,2024-09-04T11:06:21.764649Z,0.06,-0.49,-0.18
,2024-09-04T11:06:22.867869Z,-0.18,-0.73,-0.37
,2024-09-04T11:06:23.828367Z,-0.43,-0.92,-0.61
,2024-09-04T11:06:25.120609Z,-0.12,-0.67,-0.37
,2024-09-04T11:06:25.939998Z,-0.12,-0.73,-0.31
,2024-09-04T11:06:27.577907Z,-0.31,-0.85,-0.55
,2024-09-04T11:06:27.914408Z,-0.18,-0.79,-0.37
,2024-09-04T11:06:28.909467Z,-0.31,-0.79,-0.61
,2024-09-04T11:06:29.786429Z,-0.24,-0.79,-0.55
,2024-09-04T11:06:30.776775Z,0,-0.67,-0.18
,2024-09-04T11:06:31.878669Z,-0.31,-0.85,-0.55
,2024-09-04T11:06:32.906166Z,-0.43,-0.98,-0.67
,2024-09-04T11:06:34.029376Z,-0.12,-0.67,-0.31
,2024-09-04T11:06:34.962039Z,-0.18,-0.73,-0.37
,2024-09-04T11:06:35.810054Z,-0.31,-0.85,-0.55
,2024-09-04T11:06:36.998993Z,-0.43,-0.92,-0.67
,2024-09-04T11:06:38.022878Z,-0.24,-0.79,-0.43
,2024-09-04T11:06:38.884017Z,-0.43,-0.92,-0.67
,2024-09-04T11:06:39.827962Z,-0.24,-0.85,-0.49
,2024-09-04T11:06:40.858524Z,-0.24,-0.79,-0.43
,2024-09-04T11:06:41.963725Z,-0.24,-0.79,-0.49
,2024-09-04T11:06:43.490398Z,-0.31,-0.85,-0.55
,2024-09-04T11:06:43.868498Z,-0.31,-0.85,-0.61
,2024-09-04T11:06:44.863719Z,-0.31,-0.79,-0.49
,2024-09-04T11:06:46.010064Z,-0.61,-1.1,-0.79
,2024-09-04T11:06:47.13815Z,0.06,-0.49,-0.31
,2024-09-04T11:06:47.87554Z,-0.12,-0.67,-0.24
,2024-09-04T11:06:49.190672Z,-0.55,-1.04,-0.73
,2024-09-04T11:06:49.903501Z,-0.06,-0.61,-0.37
,2024-09-04T11:06:50.963279Z,-0.24,-0.79,-0.37
,2024-09-04T11:06:51.901736Z,-0.37,-0.85,-0.73
,2024-09-04T11:06:52.947676Z,0,-0.67,-0.24
,2024-09-04T11:06:53.899291Z,-0.31,-0.79,-0.49
,2024-09-04T11:06:55.043259Z,-0.31,-0.85,-0.55
,2024-09-04T11:06:55.938354Z,-0.18,-0.79,-0.37
,2024-09-04T11:06:57.069115Z,-0.18,-0.73,-0.37
,2024-09-04T11:06:58.094029Z,-0.37,-0.92,-0.55
,2024-09-04T11:06:59.526344Z,-0.31,-0.85,-0.61
,2024-09-04T11:07:00.0842Z,-0.24,-0.79,-0.43
,2024-09-04T11:07:00.968662Z,-0.37,-0.92,-0.55
,2024-09-04T11:07:01.983768Z,-0.31,-0.85,-0.55
,2024-09-04T11:07:02.995925Z,-0.61,-1.04,-0.79
,2024-09-04T11:07:03.991578Z,0.24,-0.49,-0.06
,2024-09-04T11:07:05.158077Z,-0.18,-0.73,-0.37
,2024-09-04T11:07:06.182578Z,-0.49,-0.98,-0.79
,2024-09-04T11:07:07.206022Z,-0.31,-0.85,-0.55
,2024-09-04T11:07:08.127616Z,-0.18,-0.73,-0.43
,2024-09-04T11:07:09.151901Z,-0.43,-0.92,-0.61
,2024-09-04T11:07:10.175652Z,-0.85,-1.34,-1.22
,2024-09-04T11:07:11.200622Z,0.49,-0.24,0.31
,2024-09-04T11:07:12.019948Z,0.18,-0.49,0.18
,2024-09-04T11:07:13.026207Z,-0.43,-0.92,-0.73
,2024-09-04T11:07:14.050992Z,-0.67,-1.16,-0.98
,2024-09-04T11:07:15.406806Z,0,-0.61,-0.24
,2024-09-04T11:07:16.217163Z,-0.31,-0.85,-0.43
,2024-09-04T11:07:17.241155Z,-0.37,-0.85,-0.61
,2024-09-04T11:07:18.163086Z,-0.31,-0.85,-0.61
,2024-09-04T11:07:19.289049Z,-0.49,-1.04,-0.73
,2024-09-04T11:07:20.210681Z,0.06,-0.49,-0.12
,2024-09-04T11:07:21.336958Z,-0.55,-1.04,-0.85
,2024-09-04T11:07:22.159877Z,-0.18,-0.73,-0.55
,2024-09-04T11:07:23.117686Z,-0.49,-0.98,-0.67
,2024-09-04T11:07:24.306566Z,-0.12,-0.73,-0.43
,2024-09-04T11:07:25.23688Z,-0.12,-0.73,-0.31
,2024-09-04T11:07:26.084383Z,-0.61,-1.1,-0.79
,2024-09-04T11:07:27.285221Z,-0.31,-0.85,-0.61
,2024-09-04T11:07:28.105581Z,-0.18,-0.79,-0.31
,2024-09-04T11:07:29.221508Z,-0.18,-0.73,-0.43
,2024-09-04T11:07:30.347951Z,-0.31,-0.85,-0.55
,2024-09-04T11:07:31.679075Z,-0.49,-1.04,-0.67
,2024-09-04T11:07:32.192581Z,-0.18,-0.73,-0.43
,2024-09-04T11:07:33.216818Z,-0.24,-0.73,-0.37
,2024-09-04T11:07:34.343888Z,-0.37,-0.92,-0.67
,2024-09-04T11:07:35.26456Z,-0.31,-0.92,-0.55
,2024-09-04T11:07:36.18499Z,-0.18,-0.79,-0.43
,2024-09-04T11:07:37.313427Z,-0.24,-0.79,-0.49
,2024-09-04T11:07:38.159058Z,-0.24,-0.79,-0.37
,2024-09-04T11:07:39.299083Z,-0.24,-0.85,-0.55
,2024-09-04T11:07:40.264469Z,-0.31,-0.79,-0.49
,2024-09-04T11:07:41.344641Z,-0.24,-0.79,-0.49
,2024-09-04T11:07:42.177983Z,-0.31,-0.92,-0.55
,2024-09-04T11:07:43.250584Z,-0.37,-0.85,-0.61
,2024-09-04T11:07:44.179445Z,-0.37,-0.92,-0.55
,2024-09-04T11:07:45.198793Z,-0.18,-0.73,-0.43
,2024-09-04T11:07:46.322156Z,-0.37,-0.92,-0.61
,2024-09-04T11:07:47.858079Z,-0.24,-0.79,-0.49
,2024-09-04T11:07:48.371643Z,-0.24,-0.79,-0.49
,2024-09-04T11:07:49.394942Z,-0.24,-0.79,-0.43
,2024-09-04T11:07:50.315679Z,-0.24,-0.85,-0.49
,2024-09-04T11:07:51.219261Z,-0.31,-0.79,-0.49
,2024-09-04T11:07:52.270835Z,-0.18,-0.79,-0.37
,2024-09-04T11:07:53.411196Z,-0.37,-0.92,-0.61
,2024-09-04T11:07:54.310371Z,-0.31,-0.85,-0.61
,2024-09-04T11:07:55.317651Z,-0.12,-0.67,-0.31
,2024-09-04T11:07:56.358306Z,-0.18,-0.73,-0.37
,2024-09-04T11:07:57.383394Z,-0.31,-0.85,-0.55
,2024-09-04T11:07:58.407644Z,-0.31,-0.85,-0.55
,2024-09-04T11:07:59.293475Z,-0.18,-0.73,-0.37
,2024-09-04T11:08:00.350527Z,-0.24,-0.85,-0.49
,2024-09-04T11:08:01.28321Z,-0.24,-0.79,-0.49
,2024-09-04T11:08:02.30519Z,-0.24,-0.79,-0.49
,2024-09-04T11:08:03.745519Z,-0.24,-0.79,-0.43
,2024-09-04T11:08:04.414129Z,-0.24,-0.79,-0.49
,2024-09-04T11:08:05.470556Z,-0.24,-0.79,-0.55
,2024-09-04T11:08:06.337066Z,-0.06,-0.61,-0.31
,2024-09-04T11:08:07.403395Z,-0.31,-0.85,-0.49
,2024-09-04T11:08:08.440042Z,-0.31,-0.85,-0.61
,2024-09-04T11:08:09.566477Z,-0.12,-0.67,-0.31
,2024-09-04T11:08:10.487859Z,-0.12,-0.73,-0.37
,2024-09-04T11:08:11.411038Z,-0.37,-0.85,-0.55
,2024-09-04T11:08:12.338848Z,-0.31,-0.85,-0.55
,2024-09-04T11:08:13.358455Z,-0.12,-0.67,-0.37
,2024-09-04T11:08:14.371978Z,-0.18,-0.79,-0.43
,2024-09-04T11:08:15.609073Z,-0.24,-0.79,-0.43
,2024-09-04T11:08:16.529664Z,-0.31,-0.85,-0.49
,2024-09-04T11:08:17.557614Z,-0.24,-0.79,-0.55
,2024-09-04T11:08:18.409758Z,-0.24,-0.79,-0.49
,2024-09-04T11:08:20.113837Z,-0.18,-0.73,-0.43
,2024-09-04T11:08:20.44718Z,-0.24,-0.73,-0.43
,2024-09-04T11:08:21.54775Z,-0.18,-0.79,-0.55
,2024-09-04T11:08:22.417786Z,-0.24,-0.79,-0.49
,2024-09-04T11:08:23.521347Z,-0.24,-0.85,-0.49
,2024-09-04T11:08:24.619017Z,-0.18,-0.73,-0.37
,2024-09-04T11:08:25.441911Z,-0.24,-0.85,-0.43
,2024-09-04T11:08:26.769201Z,-0.31,-0.79,-0.55
,2024-09-04T11:08:27.45431Z,-0.06,-0.67,-0.31
,2024-09-04T11:08:28.511967Z,-0.24,-0.85,-0.49
,2024-09-04T11:08:29.448677Z,-0.31,-0.79,-0.61
,2024-09-04T11:08:30.456363Z,-0.24,-0.79,-0.49
,2024-09-04T11:08:31.684716Z,-0.24,-0.79,-0.43
,2024-09-04T11:08:32.460573Z,-0.24,-0.79,-0.43
,2024-09-04T11:08:33.530221Z,-0.31,-0.85,-0.55
,2024-09-04T11:08:34.656816Z,-0.06,-0.67,-0.31
,2024-09-04T11:08:36.087675Z,-0.24,-0.79,-0.49
,2024-09-04T11:08:36.512677Z,-0.18,-0.73,-0.43
,2024-09-04T11:08:37.828895Z,-0.31,-0.85,-0.49
,2024-09-04T11:08:38.649329Z,-0.31,-0.79,-0.61
,2024-09-04T11:08:39.569136Z,-0.18,-0.73,-0.43
,2024-09-04T11:08:40.519508Z,-0.24,-0.73,-0.37
,2024-09-04T11:08:42.069202Z,-0.12,-0.73,-0.37
,2024-09-04T11:08:43.119488Z,-0.24,-0.79,-0.43
,2024-09-04T11:08:44.177774Z,-0.31,-0.79,-0.55
,2024-09-04T11:08:44.535052Z,-0.37,-0.92,-0.55
,2024-09-04T11:08:46.37148Z,-0.24,-0.79,-0.49
,2024-09-04T11:08:46.688008Z,-0.49,-1.04,-0.73
,2024-09-04T11:08:47.992332Z,-0.55,-1.04,-0.79
,2024-09-04T11:08:55.046093Z,-0.06,-0.61,-0.24
,2024-09-04T11:08:55.299411Z,-0.43,-0.92,-0.61
,2024-09-04T11:08:55.549444Z,-0.37,-0.92,-0.61
,2024-09-04T11:08:55.824123Z,-0.37,-0.85,-0.55
,2024-09-04T11:08:56.365064Z,-0.24,-0.79,-0.43
,2024-09-04T11:08:56.639206Z,-0.37,-0.92,-0.61
,2024-09-04T11:08:56.977353Z,-0.18,-0.73,-0.43
,2024-09-04T11:08:57.304689Z,-0.24,-0.79,-0.49
,2024-09-04T11:08:57.706218Z,-0.37,-0.85,-0.49
,2024-09-04T11:08:58.109413Z,-0.31,-0.85,-0.55
,2024-09-04T11:08:58.72066Z,-0.24,-0.79,-0.49
,2024-09-04T11:08:59.742668Z,-0.24,-0.85,-0.49
,2024-09-04T11:09:00.663261Z,-0.31,-0.92,-0.49
,2024-09-04T11:09:01.676922Z,0,-0.61,-0.24
,2024-09-04T11:09:02.67998Z,-0.43,-0.98,-0.55
,2024-09-04T11:09:03.735508Z,-0.12,-0.67,-0.37
,2024-09-04T11:09:04.759212Z,-0.24,-0.79,-0.43
,2024-09-04T11:09:05.798523Z,-0.31,-0.85,-0.61
,2024-09-04T11:09:06.806975Z,-0.31,-0.85,-0.49
,2024-09-04T11:09:07.728455Z,0,-0.55,-0.31
,2024-09-04T11:09:08.659205Z,-0.43,-0.98,-0.49
,2024-09-04T11:09:09.77659Z,0.06,-0.49,-0.24
,2024-09-04T11:09:11.107821Z,-0.31,-0.79,-0.49
,2024-09-04T11:09:11.876318Z,-0.43,-0.98,-0.67
,2024-09-04T11:09:12.770249Z,-0.12,-0.67,-0.24
,2024-09-04T11:09:13.770375Z,-0.24,-0.79,-0.37
,2024-09-04T11:09:14.729064Z,-0.31,-0.79,-0.55
,2024-09-04T11:09:15.923591Z,-0.31,-0.85,-0.55
,2024-09-04T11:09:16.84349Z,-0.31,-0.79,-0.49
,2024-09-04T11:09:17.762675Z,-0.24,-0.79,-0.43
,2024-09-04T11:09:18.7884Z,0.06,-0.55,-0.18
,2024-09-04T11:09:20.017857Z,-0.43,-0.98,-0.49
,2024-09-04T11:09:20.838431Z,-0.06,-0.67,-0.37
,2024-09-04T11:09:21.766247Z,-0.12,-0.73,-0.24
,2024-09-04T11:09:22.784057Z,-0.12,-0.73,-0.43
,2024-09-04T11:09:23.907542Z,-0.79,-1.16,-1.04
,2024-09-04T11:09:24.747015Z,-0.24,-0.79,-0.43
,2024-09-04T11:09:25.737638Z,0.31,-0.43,0
,2024-09-04T11:09:27.324327Z,-0.43,-0.98,-0.61
,2024-09-04T11:09:27.761823Z,-0.12,-0.67,-0.31
,2024-09-04T11:09:28.823259Z,-0.12,-0.67,-0.31
,2024-09-04T11:09:29.950826Z,-0.18,-0.79,-0.31
,2024-09-04T11:09:30.974682Z,-0.18,-0.73,-0.43
,2024-09-04T11:09:31.780001Z,-0.49,-0.98,-0.61
,2024-09-04T11:09:32.822982Z,-0.18,-0.73,-0.37
,2024-09-04T11:09:34.147303Z,-0.18,-0.73,-0.37
,2024-09-04T11:09:34.785586Z,-0.79,-1.22,-0.98
,2024-09-04T11:09:35.88981Z,-0.12,-0.61,-0.49
,2024-09-04T11:09:36.805271Z,-0.12,-0.73,-0.31
,2024-09-04T11:09:38.143594Z,-0.73,-1.16,-1.04
,2024-09-04T11:09:38.959842Z,-0.55,-1.04,-0.73
,2024-09-04T11:09:40.08696Z,-0.43,-0.92,-0.55
,2024-09-04T11:09:41.008032Z,-0.31,-0.92,-0.55
,2024-09-04T11:09:41.939673Z,-0.12,-0.73,-0.31
,2024-09-04T11:09:43.200533Z,0.24,-0.43,0
,2024-09-04T11:09:43.836831Z,0.06,-0.55,-0.12
,2024-09-04T11:09:44.945515Z,-0.37,-0.85,-0.73
,2024-09-04T11:09:46.127924Z,-0.31,-0.92,-0.49
,2024-09-04T11:09:52.537284Z,0,-0.61,-0.12
,2024-09-04T11:09:52.937941Z,-0.18,-0.67,-0.37
,2024-09-04T11:09:53.296024Z,-0.61,-0.92,-1.16
,2024-09-04T11:09:53.551242Z,-0.49,-1.04,-0.73
,2024-09-04T11:09:53.840206Z,0.12,-0.55,-0.12
,2024-09-04T11:09:54.136257Z,-1.28,-1.65,-1.59
,2024-09-04T11:09:54.529059Z,-0.79,-1.22,-1.16
,2024-09-04T11:09:54.936694Z,0.67,-0.06,0.55
,2024-09-04T11:09:55.201483Z,-0.92,-1.34,-1.16
,2024-09-04T11:09:55.93643Z,-0.67,-1.04,-0.92
,2024-09-04T11:09:56.984263Z,-0.12,-0.67,-0.31
,2024-09-04T11:09:58.109422Z,-0.18,-0.79,-0.37
,2024-09-04T11:09:59.358451Z,-0.37,-0.85,-0.61
,2024-09-04T11:09:59.918914Z,-0.06,-0.67,-0.24
,2024-09-04T11:10:00.937959Z,-0.18,-0.73,-0.37
,2024-09-04T11:10:02.204786Z,-0.43,-0.98,-0.67
,2024-09-04T11:10:02.948863Z,-0.24,-0.79,-0.43
,2024-09-04T11:10:04.000226Z,-0.24,-0.79,-0.49
,2024-09-04T11:10:04.960172Z,-0.18,-0.79,-0.43
,2024-09-04T11:10:06.015994Z,-0.24,-0.79,-0.55
,2024-09-04T11:10:07.33787Z,-0.61,-1.04,-0.73
,2024-09-04T11:10:07.991576Z,-0.18,-0.79,-0.49
,2024-09-04T11:10:09.167361Z,-15.62,-0.67,-0.31
,2024-09-04T11:10:09.979095Z,-0.31,-0.85,-0.55
,2024-09-04T11:10:11.31885Z,-0.31,-0.85,-0.55
,2024-09-04T11:10:12.010608Z,-0.24,-0.79,-0.43
,2024-09-04T11:10:13.009544Z,-0.12,-0.67,-0.31
,2024-09-04T11:10:14.091924Z,-0.24,-0.79,-0.43
,2024-09-04T11:10:15.618456Z,-0.12,-0.73,-0.37
,2024-09-04T11:10:16.031364Z,-0.43,-0.98,-0.73
,2024-09-04T11:10:17.257162Z,-0.49,-0.92,-0.67
,2024-09-04T11:10:18.178491Z,0.18,-0.37,0.06
,2024-09-04T11:10:19.105971Z,-0.31,-0.92,-0.49
,2024-09-04T11:10:20.124901Z,-0.43,-0.98,-0.73
,2024-09-04T11:10:21.149763Z,-0.12,-0.67,-0.31
,2024-09-04T11:10:22.063005Z,-0.31,-0.85,-0.55
,2024-09-04T11:10:24.601925Z,-0.24,-0.79,-0.49
,2024-09-04T11:10:25.975351Z,-0.24,-0.79,-0.43
,2024-09-04T11:10:26.227564Z,-0.37,-0.92,-0.61
,2024-09-04T11:10:26.780832Z,-0.12,-0.67,-0.37
,2024-09-04T11:10:27.124749Z,-0.43,-0.92,-0.61
,2024-09-04T11:10:28.111118Z,-0.37,-0.85,-0.61
,2024-09-04T11:10:29.116393Z,-0.31,-0.85,-0.43
,2024-09-04T11:10:30.10487Z,-0.24,-0.79,-0.49
,2024-09-04T11:10:31.900009Z,-0.31,-0.85,-0.55
,2024-09-04T11:10:32.239797Z,-0.31,-0.85,-0.55
,2024-09-04T11:10:33.104956Z,-0.31,-0.85,-0.55
,2024-09-04T11:10:34.358154Z,-0.37,-0.92,-0.55
,2024-09-04T11:10:35.206753Z,-0.12,-0.73,-0.31
,2024-09-04T11:10:36.115604Z,-0.37,-0.92,-0.61
,2024-09-04T11:10:37.120891Z,-0.37,-0.85,-0.67
,2024-09-04T11:10:38.141403Z,-0.43,-0.98,-0.67
,2024-09-04T11:10:39.272928Z,-0.24,-0.79,-0.49
,2024-09-04T11:10:40.279249Z,-0.24,-0.85,-0.49
,2024-09-04T11:10:41.349624Z,-0.12,-0.67,-0.37
,2024-09-04T11:10:42.14696Z,-0.31,-0.85,-0.49
,2024-09-04T11:10:43.203307Z,-0.37,-0.92,-0.61
,2024-09-04T11:10:44.399016Z,0.06,-0.55,-0.06
,2024-09-04T11:10:45.31771Z,-0.49,-0.98,-0.61
,2024-09-04T11:10:46.304059Z,-0.37,-0.92,-0.67
,2024-09-04T11:10:47.979193Z,-0.18,-0.79,-0.37
,2024-09-04T11:10:48.391852Z,-0.24,-0.85,-0.43
,2024-09-04T11:10:49.310572Z,-0.43,-0.98,-0.61
,2024-09-04T11:10:50.483718Z,-0.18,-0.73,-0.43
,2024-09-04T11:10:51.260406Z,-0.31,-0.85,-0.55
,2024-09-04T11:10:52.383484Z,-0.31,-0.85,-0.49
,2024-09-04T11:10:53.311065Z,-0.18,-0.73,-0.43
,2024-09-04T11:10:54.250174Z,-0.24,-0.85,-0.49
,2024-09-04T11:10:55.229829Z,-0.37,-0.85,-0.61
,2024-09-04T11:10:56.47984Z,-0.06,-0.61,-0.24
,2024-09-04T11:10:57.283959Z,-0.24,-0.85,-0.49
,2024-09-04T11:10:58.244973Z,-0.67,-1.16,-0.85
,2024-09-04T11:10:59.412055Z,0.06,-0.61,-0.31
,2024-09-04T11:11:00.323904Z,0,-0.67,-0.12
,2024-09-04T11:11:01.283792Z,-0.31,-0.85,-0.49
,2024-09-04T11:11:02.423579Z,-0.18,-0.73,-0.43
,2024-09-04T11:11:03.66704Z,0.06,-0.55,-0.18
,2024-09-04T11:11:04.364911Z,-0.43,-0.92,-0.73
,2024-09-04T11:11:05.358536Z,-0.31,-0.85,-0.43
,2024-09-04T11:11:06.713522Z,-0.06,-0.61,-0.18
,2024-09-04T11:11:07.540253Z,-0.37,-0.92,-0.61
,2024-09-04T11:11:08.580969Z,-0.43,-0.98,-0.73
,2024-09-04T11:11:09.487868Z,-0.43,-0.92,-0.61
,2024-09-04T11:11:10.424915Z,0.06,-0.55,-0.12
,2024-09-04T11:11:11.342267Z,-0.31,-0.92,-0.49
,2024-09-04T11:11:12.557432Z,-0.67,-1.1,-0.92
,2024-09-04T11:11:13.479153Z,-0.12,-0.73,-0.31
,2024-09-04T11:11:14.503511Z,-0.06,-0.61,-0.24
,2024-09-04T11:11:15.426647Z,-0.31,-0.92,-0.61
,2024-09-04T11:11:16.450102Z,-0.55,-1.1,-0.73
,2024-09-04T11:11:17.58108Z,0.12,-0.55,-0.18
,2024-09-04T11:11:18.499076Z,-0.61,-1.1,-0.79
,2024-09-04T11:11:19.860555Z,-0.24,-0.79,-0.55
,2024-09-04T11:11:20.546759Z,-0.31,-0.85,-0.49
,2024-09-04T11:11:21.444361Z,-0.37,-0.92,-0.61
,2024-09-04T11:11:22.37113Z,-0.24,-0.73,-0.43
,2024-09-04T11:11:23.411917Z,-0.31,-0.79,-0.43
,2024-09-04T11:11:24.642986Z,-0.31,-0.85,-0.43
,2024-09-04T11:11:25.460429Z,-0.31,-0.85,-0.49
,2024-09-04T11:11:26.410595Z,-0.37,-0.92,-0.67
,2024-09-04T11:11:27.511436Z,-0.31,-0.85,-0.49
,2024-09-04T11:11:28.532725Z,-0.06,-0.67,-0.24
,2024-09-04T11:11:29.453434Z,-0.24,-0.79,-0.49
,2024-09-04T11:11:30.471718Z,-0.18,-0.79,-0.43
,2024-09-04T11:11:31.442263Z,-0.24,-0.79,-0.37
,2024-09-04T11:11:32.461623Z,-0.18,-0.79,-0.43
,2024-09-04T11:11:33.652619Z,-0.31,-0.85,-0.55
,2024-09-04T11:11:34.469935Z,-0.18,-0.79,-0.37
,2024-09-04T11:11:35.905437Z,-0.18,-0.79,-0.37
,2024-09-04T11:11:36.521452Z,-0.24,-0.85,-0.49
,2024-09-04T11:11:37.483917Z,-0.06,-0.67,-0.24
,2024-09-04T11:11:38.786277Z,-0.55,-0.98,-0.73
,2024-09-04T11:11:39.520336Z,-0.18,-0.79,-0.55
,2024-09-04T11:11:40.47968Z,-0.18,-0.79,-0.37
,2024-09-04T11:11:41.499317Z,-0.12,-0.73,-0.37
,2024-09-04T11:11:42.503432Z,-0.37,-0.85,-0.55
,2024-09-04T11:11:43.530239Z,-0.06,-0.67,-0.24
,2024-09-04T11:11:44.714954Z,-0.49,-1.04,-0.61
,2024-09-04T11:11:45.635946Z,-0.31,-0.85,-0.55
,2024-09-04T11:11:46.524049Z,-0.24,-0.79,-0.43
,2024-09-04T11:11:47.613901Z,-0.98,-1.28,-1.28
,2024-09-04T11:11:48.550196Z,-0.24,-0.79,-0.55
,2024-09-04T11:11:49.62721Z,0.06,-0.61,-0.06
,2024-09-04T11:11:50.6515Z,-0.06,-0.85,-0.49
,2024-09-04T11:11:52.09744Z,-1.04,-1.46,-1.28
,2024-09-04T11:11:52.550185Z,-0.31,-0.85,-0.61
,2024-09-04T11:11:53.567503Z,-0.06,-0.67,-0.18
,2024-09-04T11:11:54.6454Z,-0.61,-1.16,-0.92
,2024-09-04T11:11:55.599536Z,-0.12,-0.67,-0.24
,2024-09-04T11:11:56.645366Z,-0.61,-1.16,-0.73
,2024-09-04T11:11:57.600464Z,-0.43,-0.92,-0.79
,2024-09-04T11:11:58.579499Z,-0.43,-0.92,-0.55
,2024-09-04T11:11:59.76413Z,-0.31,-0.79,-0.61
,2024-09-04T11:12:00.685596Z,0.24,-0.49,0.12
,2024-09-04T11:12:01.724224Z,0,-0.61,-0.24
,2024-09-04T11:12:02.596163Z,-1.46,-2.26,-1.22
,2024-09-04T11:12:03.758955Z,-2.87,121.89,43.09
,2024-09-04T11:12:04.641571Z,45.84,76.97,-103.82
,2024-09-04T11:12:05.772864Z,-0.43,-86.55,-48.77
,2024-09-04T11:12:06.662558Z,7.45,5.31,10.99
,2024-09-04T11:12:08.082814Z,-4.82,1.59,6.9
,2024-09-04T11:12:08.634072Z,-13.18,-21.36,-19.41
,2024-09-04T11:12:09.79922Z,11.35,-22.58,-30.7
,2024-09-04T11:12:10.925663Z,3.17,-3.66,-8.54
,2024-09-04T11:12:11.852082Z,-0.37,2.2,3.6
,2024-09-04T11:12:12.789016Z,153.99,4.33,-143.49
,2024-09-04T11:12:13.675434Z,-31.25,78.92,-148.44
,2024-09-04T11:12:14.701829Z,33.33,-27.71,-56.58
,2024-09-04T11:12:15.699569Z,-3.85,9.89,-5.62
,2024-09-04T11:12:16.699519Z,0.24,3.78,-17.58
,2024-09-04T11:12:17.754239Z,-58.78,-44.62,71.78
,2024-09-04T11:12:18.728961Z,-121.89,28.99,30.27
,2024-09-04T11:12:19.952999Z,77.39,110.6,94.91
,2024-09-04T11:12:20.873008Z,1.95,0.67,1.4
,2024-09-04T11:12:21.779347Z,1.71,0.85,1.53
,2024-09-04T11:12:22.755201Z,1.1,0.49,0.92
,2024-09-04T11:12:24.151672Z,-108.28,-194.15,-238.04
,2024-09-04T11:12:24.752342Z,241.27,-115.66,90.52
,2024-09-04T11:12:25.738146Z,70.25,-138.37,-224.79
,2024-09-04T11:12:26.900796Z,-29.91,212.4,430.42
,2024-09-04T11:12:27.758081Z,294.74,-266.72,-36.44
,2024-09-04T11:12:28.84489Z,-213.62,246.22,181.46
,2024-09-04T11:12:29.86883Z,120.3,17.27,-87.1
,2024-09-04T11:12:30.759385Z,296.39,555.3,474.3
,2024-09-04T11:12:32.019764Z,-2.38,-153.38,859.44
,2024-09-04T11:12:32.821615Z,351.81,181.58,-215.58
,2024-09-04T11:12:33.862794Z,38.7,-186.52,371.77
,2024-09-04T11:12:34.990816Z,349.55,-350.77,-280.15
,2024-09-04T11:12:36.014719Z,59.69,-625.31,-59.75
,2024-09-04T11:12:36.934835Z,-166.38,53.41,-326.29
,2024-09-04T11:12:38.163229Z,-473.02,-503.23,-885.01
,2024-09-04T11:12:38.983601Z,-34.73,-135.19,159
,2024-09-04T11:12:40.313866Z,-107.42,-140.99,-129.21
,2024-09-04T11:12:40.83236Z,-24.66,34.61,-379.09
,2024-09-04T11:12:42.054688Z,50.6,-11.35,-44.37
,2024-09-04T11:12:42.913135Z,-0.92,-1.4,-0.31
,2024-09-04T11:12:43.87735Z,-23.56,-8.61,-2.81
,2024-09-04T11:12:45.02442Z,-0.12,-0.31,-0.43
,2024-09-04T11:12:45.929446Z,-0.24,-0.73,-0.43
,2024-09-04T11:12:46.861821Z,-0.31,-0.79,-0.37
,2024-09-04T11:12:47.890807Z,-0.18,-0.67,-0.31
,2024-09-04T11:12:49.017367Z,-0.31,-0.79,-0.37
,2024-09-04T11:12:49.917568Z,-0.24,-0.79,-0.37
,2024-09-04T11:12:51.067543Z,-0.24,-0.79,-0.37
,2024-09-04T11:12:52.047391Z,-0.24,-0.79,-0.37
,2024-09-04T11:12:52.945483Z,-0.24,-0.79,-0.37
,2024-09-04T11:12:54.054406Z,-0.24,-0.79,-0.37
,2024-09-04T11:12:54.914946Z,-0.24,-0.79,-0.37
,2024-09-04T11:12:56.80382Z,-0.24,-0.79,-0.37
,2024-09-04T11:12:57.138127Z,-0.24,-0.73,-0.37
,2024-09-04T11:12:57.960794Z,-0.24,-0.79,-0.43
,2024-09-04T11:12:58.937586Z,-0.24,-0.79,-0.43
,2024-09-04T11:12:59.933833Z,-0.24,-0.79,-0.43
,2024-09-04T11:13:00.948021Z,-0.24,-0.79,-0.43
,2024-09-04T11:13:02.026772Z,-0.24,-0.79,-0.43
,2024-09-04T11:13:03.032665Z,-0.24,-0.79,-0.43
,2024-09-04T11:13:03.945136Z,-0.24,-0.79,-0.43
,2024-09-04T11:13:05.094306Z,-0.24,-0.79,-0.43
,2024-09-04T11:13:06.122317Z,-0.24,-0.79,-0.37
,2024-09-04T11:13:07.041454Z,-0.24,-0.79,-0.37
,2024-09-04T11:13:08.065334Z,-0.24,-0.79,-0.37
,2024-09-04T11:13:08.986993Z,-0.24,-0.79,-0.43
,2024-09-04T11:13:09.981469Z,-0.31,-0.79,-0.43
,2024-09-04T11:13:11.047037Z,-0.18,-0.79,-0.43
,2024-09-04T11:13:12.466476Z,-0.18,-0.79,-0.43
,2024-09-04T11:13:12.997461Z,-0.24,-0.79,-0.43
,2024-09-04T11:13:14.106373Z,-0.24,-0.79,-0.43
,2024-09-04T11:13:15.155719Z,-0.24,-0.85,-0.43
,2024-09-04T11:13:16.05569Z,-0.24,-0.79,-0.43
,2024-09-04T11:13:17.091188Z,-0.24,-0.79,-0.43
,2024-09-04T11:13:18.404933Z,-0.24,-0.79,-0.43
,2024-09-04T11:13:19.258329Z,-0.24,-0.79,-0.43
,2024-09-04T11:13:20.048331Z,-0.24,-0.79,-0.43
,2024-09-04T11:13:21.06864Z,-0.24,-0.79,-0.43
,2024-09-04T11:13:22.09593Z,-0.24,-0.79,-0.43
,2024-09-04T11:13:23.117497Z,-0.24,-0.79,-0.43
,2024-09-04T11:13:24.242746Z,-0.31,-0.79,-0.43
,2024-09-04T11:13:25.165272Z,-0.24,-0.79,-0.43
,2024-09-04T11:13:26.194018Z,-0.24,-0.79,-0.43
,2024-09-04T11:13:27.110239Z,-0.24,-0.79,-0.43
,2024-09-04T11:13:28.645691Z,-0.24,-0.79,-0.43
,2024-09-04T11:13:29.082855Z,-0.24,-0.79,-0.43
,2024-09-04T11:13:30.289509Z,-0.24,-0.79,-0.43
,2024-09-04T11:13:31.205622Z,-0.18,-0.79,-0.43
,2024-09-04T11:13:32.229755Z,-0.24,-0.79,-0.43
,2024-09-04T11:13:33.152478Z,-0.24,-0.79,-0.43
,2024-09-04T11:13:34.277494Z,-0.24,-0.79,-0.43
,2024-09-04T11:13:35.301565Z,-0.24,-0.79,-0.43
,2024-09-04T11:13:36.228583Z,-0.24,-0.79,-0.43
,2024-09-04T11:13:37.462718Z,-0.24,-0.79,-0.43
,2024-09-04T11:13:38.271247Z,-0.24,-0.79,-0.43
,2024-09-04T11:13:39.295388Z,-0.31,-0.73,-0.43
,2024-09-04T11:13:40.216856Z,-0.24,-0.79,-0.49
,2024-09-04T11:13:41.445418Z,-0.24,-0.79,-0.43
,2024-09-04T11:13:42.46958Z,-0.24,-0.79,-0.43
,2024-09-04T11:13:43.160804Z,-0.24,-0.79,-0.43
,2024-09-04T11:13:44.619943Z,-0.24,-0.79,-0.43
,2024-09-04T11:13:45.274142Z,-0.24,-0.79,-0.37
,2024-09-04T11:13:46.265279Z,-0.24,-0.79,-0.43
,2024-09-04T11:13:47.282005Z,-0.24,-0.79,-0.43
,2024-09-04T11:13:48.21559Z,-0.24,-0.79,-0.43
,2024-09-04T11:13:49.343875Z,-0.24,-0.79,-0.43
,2024-09-04T11:13:50.405686Z,-0.24,-0.79,-0.43
,2024-09-04T11:13:51.275851Z,-0.24,-0.79,-0.43
,2024-09-04T11:13:52.231785Z,-0.24,-0.79,-0.43
,2024-09-04T11:13:53.323786Z,-0.18,-0.79,-0.43
,2024-09-04T11:13:54.227194Z,-0.24,-0.79,-0.43
,2024-09-04T11:13:55.246738Z,-0.24,-0.79,-0.43
,2024-09-04T11:13:56.39541Z,-0.24,-0.79,-0.43
,2024-09-04T11:13:57.244135Z,-0.24,-0.79,-0.43
,2024-09-04T11:13:58.277266Z,-0.24,-0.79,-0.49
,2024-09-04T11:13:59.467692Z,-0.31,-0.79,-0.43
,2024-09-04T11:14:01.003411Z,-0.24,-0.79,-0.49
,2024-09-04T11:14:01.322567Z,-0.31,-0.79,-0.43
,2024-09-04T11:14:02.260016Z,-0.24,-0.79,-0.43
,2024-09-04T11:14:03.278815Z,-0.24,-0.79,-0.43
,2024-09-04T11:14:04.286395Z,-0.18,-0.79,-0.49
,2024-09-04T11:14:05.291858Z,-0.24,-0.85,-0.43
,2024-09-04T11:14:06.289032Z,-0.24,-0.73,-0.37
,2024-09-04T11:14:07.351077Z,-0.24,-0.79,-0.43
,2024-09-04T11:14:08.337119Z,-0.24,-0.79,-0.43
,2024-09-04T11:14:09.442084Z,-0.31,-0.79,-0.43
,2024-09-04T11:14:10.376524Z,-0.24,-0.79,-0.43
,2024-09-04T11:14:11.377835Z,-0.24,-0.79,-0.49
,2024-09-04T11:14:12.773138Z,-0.24,-0.79,-0.49
,2024-09-04T11:14:13.399532Z,-0.24,-0.79,-0.43
,2024-09-04T11:14:14.40374Z,-0.24,-0.79,-0.49
,2024-09-04T11:14:15.441633Z,-0.24,-0.73,-0.43
,2024-09-04T11:14:16.79031Z,-0.24,-0.79,-0.43
,2024-09-04T11:14:17.36471Z,-0.31,-0.79,-0.49
,2024-09-04T11:14:18.37383Z,-0.24,-0.85,-0.49
,2024-09-04T11:14:19.640825Z,-0.24,-0.79,-0.49
,2024-09-04T11:14:20.561643Z,-0.24,-0.79,-0.49
,2024-09-04T11:14:21.48322Z,-0.31,-0.79,-0.43
,2024-09-04T11:14:22.41115Z,-0.24,-0.79,-0.49
,2024-09-04T11:14:23.63605Z,-0.24,-0.79,-0.49
,2024-09-04T11:14:24.532545Z,-0.24,-0.79,-0.49
,2024-09-04T11:14:25.450292Z,-0.24,-0.79,-0.43
,2024-09-04T11:14:26.705571Z,-0.24,-0.79,-0.49
,2024-09-04T11:14:27.729652Z,-0.24,-0.79,-0.43
,2024-09-04T11:14:28.448849Z,-0.24,-0.79,-0.49
,2024-09-04T11:14:29.456276Z,-0.24,-0.79,-0.49
,2024-09-04T11:14:30.596942Z,-0.31,-0.79,-0.49
,2024-09-04T11:14:31.928541Z,-0.24,-0.79,-0.49
,2024-09-04T11:14:32.955844Z,-0.24,-0.79,-0.49
,2024-09-04T11:14:33.440291Z,-0.24,-0.79,-0.49
,2024-09-04T11:14:34.474065Z,-0.24,-0.79,-0.49
,2024-09-04T11:14:35.511668Z,-0.24,-0.79,-0.49
,2024-09-04T11:14:37.554919Z,-0.24,-0.79,-0.43
,2024-09-04T11:14:37.945134Z,-0.24,-0.79,-0.49
,2024-09-04T11:14:38.469591Z,-0.24,-0.79,-0.49
,2024-09-04T11:14:39.510598Z,-0.24,-0.79,-0.49
,2024-09-04T11:14:40.50466Z,-0.24,-0.85,-0.49
,2024-09-04T11:14:41.655578Z,-0.31,-0.79,-0.49
,2024-09-04T11:14:42.504702Z,-0.24,-0.79,-0.43
,2024-09-04T11:14:43.503241Z,-0.24,-0.85,-0.49
,2024-09-04T11:14:44.500246Z,-0.24,-0.85,-0.49
,2024-09-04T11:14:46.058624Z,-0.31,-0.85,-0.43
,2024-09-04T11:14:46.508347Z,-0.31,-0.79,-0.49
,2024-09-04T11:14:47.515956Z,-0.31,-0.79,-0.43
,2024-09-04T11:14:48.909053Z,-0.24,-0.85,-0.49
,2024-09-04T11:14:49.847696Z,-0.31,-0.79,-0.49
,2024-09-04T11:14:50.707193Z,-0.24,-0.79,-0.49
,2024-09-04T11:14:51.691565Z,-0.24,-0.79,-0.49
,2024-09-04T11:14:52.714241Z,-0.24,-0.85,-0.49
,2024-09-04T11:14:53.573125Z,-0.31,-0.79,-0.43
,2024-09-04T11:14:54.563513Z,-0.31,-0.79,-0.49
,2024-09-04T11:14:55.786436Z,-0.31,-0.79,-0.49
,2024-09-04T11:14:56.708059Z,-0.31,-0.79,-0.49
,2024-09-04T11:14:57.937778Z,-0.24,-0.79,-0.49
,2024-09-04T11:14:58.757497Z,-0.24,-0.79,-0.49
,2024-09-04T11:14:59.679864Z,-0.24,-0.85,-0.43
,2024-09-04T11:15:00.623414Z,-0.24,-0.79,-0.43
,2024-09-04T11:15:02.033224Z,-0.24,-0.79,-0.49
,2024-09-04T11:15:02.647277Z,-0.31,-0.79,-0.55
,2024-09-04T11:15:03.682562Z,-0.24,-0.79,-0.49
,2024-09-04T11:15:05.10499Z,-0.24,-0.79,-0.49
,2024-09-04T11:15:05.92382Z,-0.24,-0.79,-0.49
,2024-09-04T11:15:06.747418Z,-0.24,-0.79,-0.43
,2024-09-04T11:15:07.66469Z,-0.24,-0.79,-0.49
,2024-09-04T11:15:08.791241Z,-0.24,-0.85,-0.49
,2024-09-04T11:15:09.64951Z,-0.24,-0.85,-0.49
,2024-09-04T11:15:10.732471Z,-0.24,-0.79,-0.49
,2024-09-04T11:15:11.674058Z,-0.24,-0.79,-0.49
,2024-09-04T11:15:12.682282Z,-0.31,-0.79,-0.43
,2024-09-04T11:15:13.690366Z,-0.24,-0.79,-0.49
,2024-09-04T11:15:14.856042Z,-0.24,-0.79,-0.49
,2024-09-04T11:15:15.670526Z,-0.24,-0.85,-0.49
,2024-09-04T11:15:16.702392Z,-0.24,-0.79,-0.49
,2024-09-04T11:15:17.802219Z,-0.24,-0.79,-0.49
,2024-09-04T11:15:18.70413Z,-0.24,-0.85,-0.49
,2024-09-04T11:15:19.747952Z,-0.24,-0.79,-0.49
,2024-09-04T11:15:21.390941Z,-0.24,-0.85,-0.49
,2024-09-04T11:15:21.714044Z,-0.24,-0.85,-0.49
,2024-09-04T11:15:22.722027Z,-0.31,-0.85,-0.49
,2024-09-04T11:15:23.954258Z,-0.31,-0.79,-0.49
,2024-09-04T11:15:24.968524Z,-0.24,-0.79,-0.49
,2024-09-04T11:15:25.734267Z,-0.24,-0.79,-0.49
,2024-09-04T11:15:26.731956Z,-0.24,-0.79,-0.49
,2024-09-04T11:15:27.838858Z,-0.24,-0.85,-0.49
,2024-09-04T11:15:28.861771Z,-0.24,-0.85,-0.49
,2024-09-04T11:15:29.988661Z,-0.24,-0.79,-0.49
,2024-09-04T11:15:30.750114Z,-0.24,-0.79,-0.49
,2024-09-04T11:15:31.777166Z,-0.24,-0.79,-0.43
,2024-09-04T11:15:32.78393Z,-0.24,-0.85,-0.49
,2024-09-04T11:15:33.781959Z,-0.24,-0.79,-0.49
,2024-09-04T11:15:34.908709Z,-0.24,-0.79,-0.49
,2024-09-04T11:15:35.808737Z,-0.24,-0.79,-0.55
,2024-09-04T11:15:37.463156Z,-0.31,-0.79,-0.49
,2024-09-04T11:15:37.810919Z,-0.24,-0.79,-0.49
,2024-09-04T11:15:38.896166Z,-0.24,-0.79,-0.49
,2024-09-04T11:15:39.832757Z,-0.31,-0.79,-0.49
,2024-09-04T11:15:41.052641Z,-0.24,-0.85,-0.55
,2024-09-04T11:15:41.865939Z,-0.24,-0.79,-0.49
,2024-09-04T11:15:42.832818Z,-0.24,-0.79,-0.49
,2024-09-04T11:15:43.863887Z,-0.24,-0.79,-0.49
,2024-09-04T11:15:45.040193Z,-0.24,-0.79,-0.49
,2024-09-04T11:15:45.849786Z,-0.24,-0.79,-0.49
,2024-09-04T11:15:46.842584Z,-0.31,-0.79,-0.55
,2024-09-04T11:15:48.114218Z,-0.24,-0.79,-0.49
,2024-09-04T11:15:48.897091Z,-0.24,-0.79,-0.49
,2024-09-04T11:15:49.860071Z,-0.31,-0.79,-0.55
,2024-09-04T11:15:50.882452Z,-0.24,-0.79,-0.49
,2024-09-04T11:15:52.007225Z,-0.24,-0.79,-0.49
,2024-09-04T11:15:53.349564Z,-0.24,-0.79,-0.49
,2024-09-04T11:15:53.883451Z,-0.24,-0.85,-0.55
,2024-09-04T11:15:54.909969Z,-0.24,-0.85,-0.49
,2024-09-04T11:15:55.896912Z,-0.24,-0.79,-0.49
,2024-09-04T11:15:57.225539Z,-0.24,-0.79,-0.49
,2024-09-04T11:15:57.942412Z,-0.24,-0.85,-0.49
,2024-09-04T11:15:58.937321Z,-0.24,-0.79,-0.49
,2024-09-04T11:15:59.914382Z,-0.24,-0.79,-0.49
,2024-09-04T11:16:01.119304Z,-0.24,-0.79,-0.49
,2024-09-04T11:16:02.143212Z,-0.24,-0.85,-0.49
,2024-09-04T11:16:03.409552Z,-0.31,-0.79,-0.49
,2024-09-04T11:16:03.952423Z,-0.24,-0.79,-0.49
,2024-09-04T11:16:05.110191Z,-0.24,-0.79,-0.49
,2024-09-04T11:16:06.110532Z,-0.31,-0.85,-0.55
,2024-09-04T11:16:07.060016Z,-0.24,-0.79,-0.55
,2024-09-04T11:16:08.182139Z,-0.31,-0.79,-0.55
,2024-09-04T11:16:09.513906Z,-0.31,-0.79,-0.55
,2024-09-04T11:16:09.992252Z,-0.24,-0.79,-0.49
,2024-09-04T11:16:11.133842Z,-0.24,-0.85,-0.49
,2024-09-04T11:16:12.180196Z,-0.24,-0.79,-0.55
,2024-09-04T11:16:12.997049Z,-0.24,-0.79,-0.55
,2024-09-04T11:16:14.026916Z,-0.24,-0.79,-0.49
,2024-09-04T11:16:15.154532Z,-0.24,-0.85,-0.49
,2024-09-04T11:16:16.258919Z,-0.24,-0.79,-0.49
,2024-09-04T11:16:17.091024Z,-0.24,-0.85,-0.49
,2024-09-04T11:16:18.31974Z,-0.24,-0.85,-0.55
,2024-09-04T11:16:19.241517Z,-0.24,-0.79,-0.55
,2024-09-04T11:16:20.256556Z,-0.31,-0.79,-0.55
,2024-09-04T11:16:21.139249Z,-0.24,-0.79,-0.49
,2024-09-04T11:16:22.313158Z,-0.24,-0.79,-0.49
,2024-09-04T11:16:23.236982Z,-0.31,-0.79,-0.49
,2024-09-04T11:16:24.066797Z,-0.24,-0.79,-0.55
,2024-09-04T11:16:25.694325Z,-0.24,-0.79,-0.49
,2024-09-04T11:16:26.41042Z,-0.31,-0.79,-0.49
,2024-09-04T11:16:27.228036Z,-0.24,-0.79,-0.55
,2024-09-04T11:16:28.252318Z,-0.24,-0.79,-0.55
,2024-09-04T11:16:29.102984Z,-0.24,-0.79,-0.49
,2024-09-04T11:16:30.197847Z,-0.24,-0.79,-0.49
,2024-09-04T11:16:31.427113Z,-0.31,-0.79,-0.55
,2024-09-04T11:16:32.164585Z,-0.24,-0.85,-0.49
,2024-09-04T11:16:33.185495Z,-0.31,-0.85,-0.55
,2024-09-04T11:16:34.301735Z,-0.31,-0.85,-0.55
,2024-09-04T11:16:35.403926Z,-0.24,-0.85,-0.55
,2024-09-04T11:16:36.140997Z,-0.31,-0.79,-0.49
,2024-09-04T11:16:37.26366Z,-0.31,-0.79,-0.55
,2024-09-04T11:16:38.189104Z,-0.31,-0.79,-0.49
,2024-09-04T11:16:39.177835Z,-0.24,-0.85,-0.49
,2024-09-04T11:16:40.338676Z,-0.24,-0.79,-0.55
,2024-09-04T11:16:41.871184Z,-0.31,-0.79,-0.49
,2024-09-04T11:16:42.176621Z,-0.24,-0.79,-0.49
,2024-09-04T11:16:43.304693Z,-0.31,-0.79,-0.49
,2024-09-04T11:16:44.249065Z,-0.24,-0.85,-0.49
,2024-09-04T11:16:45.455918Z,-0.31,-0.79,-0.49
,2024-09-04T11:16:46.204494Z,-0.31,-0.85,-0.55
,2024-09-04T11:16:47.401125Z,-0.24,-0.85,-0.55
,2024-09-04T11:16:48.322563Z,-0.24,-0.85,-0.55
,2024-09-04T11:16:49.553286Z,-0.24,-0.79,-0.49
,2024-09-04T11:16:50.190319Z,-0.24,-0.85,-0.49
,2024-09-04T11:16:51.397477Z,-0.24,-0.79,-0.49
,2024-09-04T11:16:52.243907Z,-0.24,-0.85,-0.55
,2024-09-04T11:16:53.239452Z,-0.24,-0.85,-0.55
,2024-09-04T11:16:54.365911Z,-0.24,-0.85,-0.49
,2024-09-04T11:16:55.386225Z,-0.24,-0.85,-0.55
,2024-09-04T11:16:56.232422Z,-0.31,-0.79,-0.55
,2024-09-04T11:16:57.977236Z,-0.24,-0.79,-0.49
,2024-09-04T11:16:58.282113Z,-0.31,-0.85,-0.49
,2024-09-04T11:16:59.389223Z,-0.24,-0.79,-0.55
,2024-09-04T11:17:00.610053Z,-0.24,-0.79,-0.49
,2024-09-04T11:17:01.432993Z,-0.24,-0.79,-0.55
,2024-09-04T11:17:02.352833Z,-0.31,-0.79,-0.55
,2024-09-04T11:17:03.375064Z,-0.31,-0.85,-0.55
,2024-09-04T11:17:04.403776Z,-0.24,-0.79,-0.49
,2024-09-04T11:17:05.295324Z,-0.31,-0.85,-0.55
,2024-09-04T11:17:06.344484Z,-0.31,-0.79,-0.49
,2024-09-04T11:17:07.471345Z,-0.24,-0.85,-0.55
,2024-09-04T11:17:08.392397Z,-0.24,-0.85,-0.55
,2024-09-04T11:17:09.558934Z,-0.24,-0.85,-0.49
,2024-09-04T11:17:10.749076Z,-0.24,-0.85,-0.49
,2024-09-04T11:17:11.475626Z,-0.24,-0.85,-0.49
,2024-09-04T11:17:12.327892Z,-0.24,-0.79,-0.55
,2024-09-04T11:17:13.841906Z,-0.24,-0.85,-0.55
,2024-09-04T11:17:14.42925Z,-0.31,-0.79,-0.49
,2024-09-04T11:17:15.355777Z,-0.24,-0.79,-0.55
,2024-09-04T11:17:16.379335Z,-0.31,-0.85,-0.49
,2024-09-04T11:17:17.382397Z,-0.24,-0.85,-0.55
,2024-09-04T11:17:18.451769Z,-0.24,-0.79,-0.55
,2024-09-04T11:17:19.451605Z,-0.31,-0.85,-0.55
,2024-09-04T11:17:20.393314Z,-0.24,-0.79,-0.49
,2024-09-04T11:17:21.400417Z,-0.24,-0.85,-0.55
,2024-09-04T11:17:22.380035Z,-0.24,-0.79,-0.49
,2024-09-04T11:17:23.410017Z,-0.24,-0.79,-0.55
,2024-09-04T11:17:24.388499Z,-0.31,-0.85,-0.49
,2024-09-04T11:17:25.401913Z,-0.24,-0.79,-0.49
,2024-09-04T11:17:26.619539Z,-0.31,-0.85,-0.55
,2024-09-04T11:17:27.471474Z,-0.24,-0.79,-0.49
,2024-09-04T11:17:28.564771Z,-0.24,-0.85,-0.55
,2024-09-04T11:17:29.822351Z,-0.24,-0.85,-0.55
,2024-09-04T11:17:30.462269Z,-0.24,-0.85,-0.55
,2024-09-04T11:17:31.445279Z,-0.24,-0.79,-0.55
,2024-09-04T11:17:32.446369Z,-0.24,-0.79,-0.55
,2024-09-04T11:17:33.453857Z,-0.24,-0.85,-0.55
,2024-09-04T11:17:34.458385Z,-0.24,-0.79,-0.49
,2024-09-04T11:17:35.594959Z,-0.31,-0.79,-0.55
,2024-09-04T11:17:36.466212Z,-0.24,-0.79,-0.49
,2024-09-04T11:17:37.579674Z,-0.31,-0.85,-0.49
,2024-09-04T11:17:38.702103Z,-0.24,-0.79,-0.55
,2024-09-04T11:17:39.72615Z,-0.31,-0.85,-0.49
,2024-09-04T11:17:40.485893Z,-0.24,-0.85,-0.49
,2024-09-04T11:17:41.570077Z,-0.24,-0.79,-0.55
,2024-09-04T11:17:42.698045Z,-0.24,-0.85,-0.49
,2024-09-04T11:17:43.497093Z,-0.24,-0.85,-0.55
,2024-09-04T11:17:44.641401Z,-0.24,-0.85,-0.55
,2024-09-04T11:17:46.075065Z,-0.24,-0.79,-0.55
,2024-09-04T11:17:46.507991Z,-0.24,-0.79,-0.49
,2024-09-04T11:17:47.517724Z,-0.24,-0.79,-0.49
,2024-09-04T11:17:48.544818Z,-0.31,-0.79,-0.55
,2024-09-04T11:17:49.864849Z,-0.24,-0.85,-0.55
,2024-09-04T11:17:50.538236Z,-0.31,-0.85,-0.49
,2024-09-04T11:17:51.544279Z,-0.24,-0.79,-0.55
,2024-09-04T11:17:52.567087Z,-0.24,-0.79,-0.49
,2024-09-04T11:17:53.561641Z,-0.24,-0.85,-0.49
,2024-09-04T11:17:54.881284Z,-0.24,-0.85,-0.55
,2024-09-04T11:17:55.562941Z,-0.24,-0.85,-0.55
,2024-09-04T11:17:56.59969Z,-0.31,-0.79,-0.55
,2024-09-04T11:17:57.650017Z,-0.24,-0.79,-0.61
,2024-09-04T11:17:58.647974Z,-0.31,-0.85,-0.49
,2024-09-04T11:17:59.592816Z,-0.24,-0.79,-0.49
,2024-09-04T11:18:01.05665Z,-0.31,-0.79,-0.49
,2024-09-04T11:18:01.84433Z,-0.31,-0.85,-0.49
,2024-09-04T11:18:02.610048Z,-0.24,-0.79,-0.55
,2024-09-04T11:18:03.618539Z,-0.24,-0.79,-0.55
,2024-09-04T11:18:04.681145Z,-0.24,-0.85,-0.55
,2024-09-04T11:18:05.643553Z,-0.24,-0.85,-0.49
,2024-09-04T11:18:06.612016Z,-0.31,-0.79,-0.49
,2024-09-04T11:18:07.630696Z,-0.24,-0.79,-0.49
,2024-09-04T11:18:08.910846Z,-0.31,-0.85,-0.55
,2024-09-04T11:18:09.72947Z,-0.24,-0.85,-0.49
,2024-09-04T11:18:10.661913Z,-0.24,-0.79,-0.55
,2024-09-04T11:18:11.780481Z,-0.31,-0.85,-0.55
,2024-09-04T11:18:12.699542Z,-0.24,-0.85,-0.49
,2024-09-04T11:18:13.819538Z,-0.24,-0.79,-0.55
,2024-09-04T11:18:14.849139Z,-0.31,-0.85,-0.55
,2024-09-04T11:18:15.770647Z,-0.24,-0.79,-0.55
